"0","87","2016-10-10T09:53:58.991025","---"
"0","77","2016-10-10T09:54:01.211959","---"
"0","108","2016-10-10T09:54:02.334262","---"
"0","99","2016-10-10T09:54:06.763066","---"
"0","99","2016-10-10T09:54:06.763066","---"
"0","95","2016-10-10T09:54:07.872122","---"
"0","105","2016-10-10T09:54:10.101795","---"
"0","101","2016-10-10T09:54:11.225532","---"
"0","97","2016-10-10T09:54:13.441067","---"
"0","104","2016-10-10T09:54:14.548406","---"
"0","96","2016-10-10T09:54:15.656261","---"
"0","92","2016-10-10T09:54:16.761675","---"
"0","84","2016-10-10T09:54:18.981700","---"
"0","73","2016-10-10T09:54:20.090974","---"
"0","69","2016-10-10T09:54:21.211929","---"
"0","83","2016-10-10T09:54:22.321126","---"
"0","75","2016-10-10T09:54:23.431950","---"
"0","89","2016-10-10T09:54:24.541826","---"
"0","99","2016-10-10T09:54:25.651615","---"
"0","84","2016-10-10T09:54:26.761293","---"
"0","76","2016-10-10T09:54:27.871494","---"
"0","68","2016-10-10T09:54:30.091899","---"
"0","60","2016-10-10T09:54:31.200870","---"
"0","45","2016-10-10T09:54:32.321096","---"
"0","41","2016-10-10T09:54:33.430644","---"
"0","51","2016-10-10T09:54:34.541985","---"
"0","47","2016-10-10T09:54:35.651091","---"
"0","43","2016-10-10T09:54:36.760751","---"
"0","28","2016-10-10T09:54:37.871036","---"
"0","38","2016-10-10T09:54:38.981682","---"
"0","23","2016-10-10T09:54:40.090755","---"
"0","26","2016-10-10T09:54:41.201400","---"
"0","11","2016-10-10T09:54:42.311773","---"
"0","3","2016-10-10T09:54:43.431021","---"
"0","13","2016-10-10T09:54:44.541104","---"
"0","2","2016-10-10T09:54:45.650845","---"
"0","360","2016-10-10T09:54:46.761940","---"
"0","352","2016-10-10T09:54:48.981196","---"
"0","337","2016-10-10T09:54:50.092031","---"
"0","347","2016-10-10T09:54:52.312130","---"
"0","360","2016-10-10T09:54:54.541586","---"
"0","356","2016-10-10T09:54:58.981307","---"
"0","348","2016-10-10T09:55:00.092883","---"
"0","333","2016-10-10T09:55:01.201525","---"
"0","343","2016-10-10T09:55:02.312905","---"
"0","350","2016-10-10T09:55:03.421781","---"
"0","339","2016-10-10T09:55:04.533216","---"
"0","349","2016-10-10T09:55:05.651631","---"
"0","352","2016-10-10T09:55:06.761678","---"
"0","360","2016-10-10T09:55:08.982039","---"
"0","349","2016-10-10T09:55:11.202390","---"
"0","360","2016-10-10T09:55:13.421634","---"
"0","356","2016-10-10T09:55:16.761569","---"
"0","360","2016-10-10T09:55:17.870561","---"
"0","345","2016-10-10T09:55:21.200520","---"
"0","337","2016-10-10T09:55:22.311796","---"
"0","333","2016-10-10T09:55:23.422332","---"
"0","322","2016-10-10T09:55:24.531507","---"
"0","329","2016-10-10T09:55:26.751345","---"
"0","314","2016-10-10T09:55:27.872225","---"
"0","328","2016-10-10T09:55:28.982563","---"
"0","324","2016-10-10T09:55:30.091726","---"
"0","316","2016-10-10T09:55:31.201454","---"
"0","312","2016-10-10T09:55:33.422192","---"
"0","297","2016-10-10T09:55:34.531822","---"
"0","307","2016-10-10T09:55:35.641154","---"
"0","314","2016-10-10T09:55:36.751671","---"
"0","303","2016-10-10T09:55:37.865644","---"
"0","295","2016-10-10T09:55:38.987998","---"
"0","309","2016-10-10T09:55:40.095740","---"
"0","301","2016-10-10T09:55:41.202086","---"
"0","308","2016-10-10T09:55:43.422442","---"
"0","315","2016-10-10T09:55:44.531588","---"
"0","318","2016-10-10T09:55:45.641875","---"
"0","321","2016-10-10T09:55:46.752575","---"
"0","317","2016-10-10T09:55:48.971345","---"
"0","309","2016-10-10T09:55:50.092236","---"
"0","305","2016-10-10T09:55:51.202335","---"
"0","315","2016-10-10T09:55:52.312331","---"
"0","329","2016-10-10T09:55:53.422378","---"
"0","321","2016-10-10T09:55:54.532214","---"
"0","313","2016-10-10T09:55:55.642173","---"
"0","309","2016-10-10T09:55:56.751855","---"
"0","305","2016-10-10T09:55:58.972275","---"
"0","290","2016-10-10T09:56:00.082238","---"
"0","282","2016-10-10T09:56:02.312184","---"
"0","271","2016-10-10T09:56:03.421268","---"
"0","256","2016-10-10T09:56:04.532194","---"
"0","245","2016-10-10T09:56:06.752276","---"
"0","259","2016-10-10T09:56:07.862404","---"
"0","269","2016-10-10T09:56:08.972555","---"
"0","272","2016-10-10T09:56:10.082974","---"
"0","268","2016-10-10T09:56:11.191758","---"
"0","253","2016-10-10T09:56:13.421541","---"
"0","238","2016-10-10T09:56:15.641594","---"
"0","252","2016-10-10T09:56:16.751445","---"
"0","255","2016-10-10T09:56:20.082624","---"
"0","265","2016-10-10T09:56:21.190937","---"
"0","275","2016-10-10T09:56:22.300736","---"
"0","260","2016-10-10T09:56:24.531731","---"
"0","249","2016-10-10T09:56:25.640768","---"
"0","263","2016-10-10T09:56:26.751887","---"
"0","259","2016-10-10T09:56:27.860982","---"
"0","269","2016-10-10T09:56:30.084081","---"
"0","276","2016-10-10T09:56:31.192038","---"
"0","286","2016-10-10T09:56:32.302011","---"
"0","282","2016-10-10T09:56:34.532064","---"
"0","274","2016-10-10T09:56:35.641200","---"
"0","259","2016-10-10T09:56:36.751106","---"
"0","273","2016-10-10T09:56:37.861413","---"
"0","280","2016-10-10T09:56:38.971241","---"
"0","283","2016-10-10T09:56:40.081800","---"
"0","279","2016-10-10T09:56:41.191911","---"
"0","282","2016-10-10T09:56:42.302258","---"
"0","289","2016-10-10T09:56:43.411564","---"
"0","274","2016-10-10T09:56:44.522737","---"
"0","281","2016-10-10T09:56:47.862730","---"
"0","288","2016-10-10T09:56:50.082114","---"
"0","280","2016-10-10T09:56:51.191297","---"
"0","287","2016-10-10T09:56:52.302870","---"
"0","272","2016-10-10T09:56:53.411289","---"
"0","282","2016-10-10T09:56:54.520731","---"
"0","292","2016-10-10T09:56:55.630837","---"
"0","281","2016-10-10T09:56:56.751897","---"
"0","270","2016-10-10T09:56:58.971985","---"
"0","259","2016-10-10T09:57:00.081984","---"
"0","248","2016-10-10T09:57:01.191444","---"
"0","258","2016-10-10T09:57:02.302030","---"
"0","247","2016-10-10T09:57:04.521259","---"
"0","257","2016-10-10T09:57:05.631059","---"
"0","242","2016-10-10T09:57:06.742115","---"
"0","238","2016-10-10T09:57:07.861488","---"
"0","252","2016-10-10T09:57:08.972121","---"
"0","266","2016-10-10T09:57:10.082139","---"
"0","258","2016-10-10T09:57:11.192358","---"
"0","250","2016-10-10T09:57:12.302343","---"
"0","253","2016-10-10T09:57:13.412290","---"
"0","249","2016-10-10T09:57:14.521290","---"
"0","252","2016-10-10T09:57:15.632319","---"
"0","248","2016-10-10T09:57:16.742305","---"
"0","240","2016-10-10T09:57:17.851308","---"
"0","247","2016-10-10T09:57:18.971732","---"
"0","232","2016-10-10T09:57:20.082181","---"
"0","224","2016-10-10T09:57:22.300826","---"
"0","209","2016-10-10T09:57:23.411580","---"
"0","194","2016-10-10T09:57:24.520891","---"
"0","208","2016-10-10T09:57:26.741275","---"
"0","200","2016-10-10T09:57:27.850717","---"
"0","214","2016-10-10T09:57:30.082007","---"
"0","228","2016-10-10T09:57:31.191804","---"
"0","220","2016-10-10T09:57:33.411747","---"
"0","227","2016-10-10T09:57:34.521821","---"
"0","237","2016-10-10T09:57:35.631501","---"
"0","222","2016-10-10T09:57:37.851417","---"
"0","232","2016-10-10T09:57:38.961454","---"
"0","228","2016-10-10T09:57:40.071643","---"
"0","242","2016-10-10T09:57:41.192156","---"
"0","238","2016-10-10T09:57:42.301405","---"
"0","248","2016-10-10T09:57:43.411392","---"
"0","262","2016-10-10T09:57:44.521377","---"
"0","258","2016-10-10T09:57:45.632227","---"
"0","254","2016-10-10T09:57:48.973072","---"
"0","243","2016-10-10T09:57:51.188159","---"
"0","257","2016-10-10T09:57:52.311906","---"
"0","260","2016-10-10T09:57:54.521769","---"
"0","267","2016-10-10T09:57:55.630818","---"
"0","274","2016-10-10T09:57:56.740519","---"
"0","270","2016-10-10T09:57:57.850486","---"
"0","266","2016-10-10T09:57:58.961774","---"
"0","255","2016-10-10T09:58:00.070725","---"
"0","269","2016-10-10T09:58:01.180617","---"
"0","258","2016-10-10T09:58:02.291887","---"
"0","247","2016-10-10T09:58:03.411167","---"
"0","236","2016-10-10T09:58:04.520729","---"
"0","228","2016-10-10T09:58:05.631933","---"
"0","213","2016-10-10T09:58:06.741851","---"
"0","220","2016-10-10T09:58:08.960864","---"
"0","205","2016-10-10T09:58:11.181798","---"
"0","201","2016-10-10T09:58:14.520699","---"
"0","190","2016-10-10T09:58:15.630801","---"
"0","182","2016-10-10T09:58:16.740953","---"
"0","189","2016-10-10T09:58:17.850954","---"
"0","178","2016-10-10T09:58:18.961104","---"
"0","192","2016-10-10T09:58:20.071284","---"
"0","188","2016-10-10T09:58:21.181293","---"
"0","195","2016-10-10T09:58:22.290944","---"
"0","187","2016-10-10T09:58:24.510809","---"
"0","194","2016-10-10T09:58:26.740888","---"
"0","201","2016-10-10T09:58:27.860001","---"
"0","193","2016-10-10T09:58:28.964484","---"
"0","185","2016-10-10T09:58:30.072089","---"
"0","192","2016-10-10T09:58:31.182756","---"
"0","184","2016-10-10T09:58:32.295313","---"
"0","180","2016-10-10T09:58:33.410498","---"
"0","190","2016-10-10T09:58:34.510649","---"
"0","200","2016-10-10T09:58:35.621186","---"
"0","192","2016-10-10T09:58:37.851661","---"
"0","195","2016-10-10T09:58:38.961582","---"
"0","187","2016-10-10T09:58:40.072081","---"
"0","197","2016-10-10T09:58:41.181594","---"
"0","193","2016-10-10T09:58:42.291961","---"
"0","200","2016-10-10T09:58:43.401392","---"
"0","207","2016-10-10T09:58:45.621711","---"
"0","221","2016-10-10T09:58:46.732301","---"
"0","235","2016-10-10T09:58:47.851322","---"
"0","242","2016-10-10T09:58:48.961388","---"
"0","227","2016-10-10T09:58:50.070575","---"
"0","212","2016-10-10T09:58:51.181467","---"
"0","222","2016-10-10T09:58:52.291601","---"
"0","225","2016-10-10T09:58:53.401487","---"
"0","235","2016-10-10T09:58:54.511674","---"
"0","238","2016-10-10T09:58:55.621534","---"
"0","245","2016-10-10T09:58:56.731721","---"
"0","230","2016-10-10T09:58:57.840911","---"
"0","215","2016-10-10T09:58:58.961212","---"
"0","200","2016-10-10T09:59:01.181809","---"
"0","192","2016-10-10T09:59:02.291095","---"
"0","195","2016-10-10T09:59:03.401875","---"
"0","180","2016-10-10T09:59:05.622361","---"
"0","187","2016-10-10T09:59:06.732479","---"
"0","194","2016-10-10T09:59:07.842307","---"
"0","208","2016-10-10T09:59:08.951661","---"
"0","197","2016-10-10T09:59:10.071712","---"
"0","200","2016-10-10T09:59:11.182524","---"
"0","189","2016-10-10T09:59:12.292435","---"
"0","203","2016-10-10T09:59:13.401606","---"
"0","199","2016-10-10T09:59:14.511587","---"
"0","191","2016-10-10T09:59:15.621573","---"
"0","194","2016-10-10T09:59:16.731576","---"
"0","208","2016-10-10T09:59:17.840905","---"
"0","218","2016-10-10T09:59:18.950697","---"
"0","214","2016-10-10T09:59:20.060729","---"
"0","221","2016-10-10T09:59:21.181715","---"
"0","206","2016-10-10T09:59:22.291933","---"
"0","195","2016-10-10T09:59:23.401259","---"
"0","191","2016-10-10T09:59:25.621620","---"
"0","198","2016-10-10T09:59:26.731109","---"
"0","212","2016-10-10T09:59:27.841175","---"
"0","215","2016-10-10T09:59:30.061349","---"
"0","229","2016-10-10T09:59:31.171009","---"
"0","225","2016-10-10T09:59:32.291077","---"
"0","232","2016-10-10T09:59:33.401264","---"
"0","246","2016-10-10T09:59:35.621502","---"
"0","238","2016-10-10T09:59:36.731942","---"
"0","241","2016-10-10T09:59:37.840695","---"
"0","255","2016-10-10T09:59:40.061200","---"
"0","244","2016-10-10T09:59:41.170864","---"
"0","233","2016-10-10T09:59:42.281066","---"
"0","243","2016-10-10T09:59:43.401164","---"
"0","250","2016-10-10T09:59:44.511496","---"
"0","246","2016-10-10T09:59:46.730546","---"
"0","256","2016-10-10T09:59:47.841121","---"
"0","252","2016-10-10T09:59:48.951050","---"
"0","255","2016-10-10T09:59:50.060864","---"
"0","240","2016-10-10T09:59:51.170635","---"
"0","243","2016-10-10T09:59:52.281081","---"
"0","239","2016-10-10T09:59:53.390688","---"
"0","253","2016-10-10T09:59:54.511530","---"
"0","260","2016-10-10T09:59:55.621384","---"
"0","263","2016-10-10T09:59:56.731012","---"
"0","259","2016-10-10T09:59:57.841838","---"
"0","248","2016-10-10T10:00:00.061302","---"
"0","240","2016-10-10T10:00:01.172011","---"
"0","229","2016-10-10T10:00:02.281048","---"
"0","239","2016-10-10T10:00:03.391199","---"
"0","224","2016-10-10T10:00:05.622277","---"
"0","227","2016-10-10T10:00:06.731293","---"
"0","230","2016-10-10T10:00:07.842316","---"
"0","219","2016-10-10T10:00:08.952381","---"
"0","211","2016-10-10T10:00:10.061490","---"
"0","207","2016-10-10T10:00:11.171671","---"
"0","210","2016-10-10T10:00:15.611373","---"
"0","213","2016-10-10T10:00:16.731742","---"
"0","202","2016-10-10T10:00:18.954541","---"
"0","198","2016-10-10T10:00:20.066885","---"
"0","183","2016-10-10T10:00:21.175064","---"
"0","197","2016-10-10T10:00:22.282519","---"
"0","182","2016-10-10T10:00:23.392172","---"
"0","185","2016-10-10T10:00:25.612254","---"
"0","170","2016-10-10T10:00:26.722298","---"
"0","166","2016-10-10T10:00:27.841827","---"
"0","176","2016-10-10T10:00:28.952247","---"
"0","165","2016-10-10T10:00:30.062079","---"
"0","172","2016-10-10T10:00:31.171211","---"
"0","157","2016-10-10T10:00:33.391428","---"
"0","142","2016-10-10T10:00:34.500566","---"
"0","145","2016-10-10T10:00:35.611015","---"
"0","137","2016-10-10T10:00:36.721537","---"
"0","147","2016-10-10T10:00:37.831868","---"
"0","161","2016-10-10T10:00:38.952067","---"
"0","153","2016-10-10T10:00:40.061589","---"
"0","145","2016-10-10T10:00:41.171745","---"
"0","148","2016-10-10T10:00:42.280978","---"
"0","144","2016-10-10T10:00:43.390719","---"
"0","129","2016-10-10T10:00:44.500843","---"
"0","118","2016-10-10T10:00:45.611875","---"
"0","125","2016-10-10T10:00:46.721888","---"
"0","121","2016-10-10T10:00:51.171447","---"
"0","135","2016-10-10T10:00:53.391510","---"
"0","149","2016-10-10T10:00:54.501042","---"
"0","159","2016-10-10T10:00:55.611191","---"
"0","169","2016-10-10T10:00:56.721304","---"
"0","158","2016-10-10T10:00:57.831446","---"
"0","172","2016-10-10T10:00:58.940959","---"
"0","182","2016-10-10T10:01:00.051120","---"
"0","192","2016-10-10T10:01:01.170754","---"
"0","199","2016-10-10T10:01:03.390631","---"
"0","209","2016-10-10T10:01:04.500968","---"
"0","198","2016-10-10T10:01:05.611176","---"
"0","187","2016-10-10T10:01:06.721230","---"
"0","197","2016-10-10T10:01:07.831244","---"
"0","200","2016-10-10T10:01:08.941506","---"
"0","196","2016-10-10T10:01:10.051104","---"
"0","199","2016-10-10T10:01:11.161107","---"
"0","206","2016-10-10T10:01:12.280852","---"
"0","220","2016-10-10T10:01:13.391409","---"
"0","234","2016-10-10T10:01:14.513722","---"
"0","237","2016-10-10T10:01:15.612579","---"
"0","229","2016-10-10T10:01:17.833000","---"
"0","218","2016-10-10T10:01:18.942928","---"
"0","203","2016-10-10T10:01:20.053054","---"
"0","213","2016-10-10T10:01:21.162509","---"
"0","198","2016-10-10T10:01:23.390732","---"
"0","205","2016-10-10T10:01:24.501020","---"
"0","215","2016-10-10T10:01:25.611582","---"
"0","200","2016-10-10T10:01:30.052215","---"
"0","207","2016-10-10T10:01:31.161665","---"
"0","196","2016-10-10T10:01:33.381842","---"
"0","188","2016-10-10T10:01:34.501851","---"
"0","202","2016-10-10T10:01:35.611744","---"
"0","194","2016-10-10T10:01:36.720776","---"
"0","179","2016-10-10T10:01:37.830835","---"
"0","164","2016-10-10T10:01:38.941830","---"
"0","160","2016-10-10T10:01:40.051700","---"
"0","149","2016-10-10T10:01:41.161199","---"
"0","152","2016-10-10T10:01:42.270919","---"
"0","144","2016-10-10T10:01:43.381075","---"
"0","147","2016-10-10T10:01:45.610621","---"
"0","139","2016-10-10T10:01:46.721482","---"
"0","135","2016-10-10T10:01:47.830973","---"
"0","149","2016-10-10T10:01:48.940879","---"
"0","138","2016-10-10T10:01:50.051028","---"
"0","141","2016-10-10T10:01:52.270798","---"
"0","155","2016-10-10T10:01:54.491656","---"
"0","147","2016-10-10T10:01:55.601083","---"
"0","139","2016-10-10T10:01:56.720708","---"
"0","142","2016-10-10T10:01:57.834159","---"
"0","134","2016-10-10T10:01:58.941936","---"
"0","144","2016-10-10T10:02:00.064797","---"
"0","140","2016-10-10T10:02:01.168309","---"
"0","136","2016-10-10T10:02:02.277908","---"
"0","125","2016-10-10T10:02:03.388297","---"
"0","117","2016-10-10T10:02:04.497410","---"
"0","102","2016-10-10T10:02:06.710640","---"
"0","91","2016-10-10T10:02:07.834379","---"
"0","105","2016-10-10T10:02:08.947065","---"
"0","108","2016-10-10T10:02:10.065182","---"
"0","93","2016-10-10T10:02:12.272560","---"
"0","96","2016-10-10T10:02:13.382460","---"
"0","178","2016-10-10T10:29:38.071493","---"
"0","192","2016-10-10T10:29:39.183551","---"
"0","184","2016-10-10T10:29:40.291057","---"
"0","180","2016-10-10T10:29:41.400697","---"
"0","194","2016-10-10T10:29:42.510564","---"
"0","190","2016-10-10T10:29:43.620095","---"
"0","186","2016-10-10T10:29:44.730001","---"
"0","171","2016-10-10T10:29:45.840719","---"
"0","160","2016-10-10T10:29:46.950562","---"
"0","163","2016-10-10T10:29:49.179967","---"
"0","177","2016-10-10T10:29:51.400411","---"
"0","162","2016-10-10T10:29:53.620351","---"
"0","147","2016-10-10T10:29:55.840336","---"
"0","139","2016-10-10T10:29:56.950377","---"
"0","128","2016-10-10T10:29:58.059876","---"
"0","142","2016-10-10T10:29:59.179826","---"
"0","149","2016-10-10T10:30:00.289319","---"
"0","141","2016-10-10T10:30:02.510335","---"
"0","151","2016-10-10T10:30:03.620418","---"
"0","161","2016-10-10T10:30:04.730465","---"
"0","171","2016-10-10T10:30:05.840371","---"
"0","167","2016-10-10T10:30:06.940810","---"
"0","152","2016-10-10T10:30:09.170782","---"
"0","148","2016-10-10T10:30:10.293844","---"
"0","162","2016-10-10T10:30:12.494361","---"
"0","169","2016-10-10T10:30:14.709547","---"
"0","161","2016-10-10T10:30:15.819508","---"
"0","153","2016-10-10T10:30:16.930120","---"
"0","145","2016-10-10T10:30:18.041028","---"
"0","152","2016-10-10T10:30:19.150581","---"
"0","144","2016-10-10T10:30:20.260177","---"
"0","147","2016-10-10T10:30:21.380156","---"
"0","154","2016-10-10T10:30:23.600245","---"
"0","157","2016-10-10T10:30:24.709748","---"
"0","146","2016-10-10T10:30:25.820276","---"
"0","138","2016-10-10T10:30:26.929484","---"
"0","145","2016-10-10T10:30:28.039492","---"
"0","148","2016-10-10T10:30:29.154509","---"
"0","151","2016-10-10T10:30:30.261632","---"
"0","154","2016-10-10T10:30:31.369498","---"
"0","157","2016-10-10T10:30:32.489617","---"
"0","165","2016-10-10T10:31:01.480944","---"
"0","162","2016-10-10T10:31:29.226441","---"
"0","165","2016-10-10T10:31:32.556368","---"
"0","168","2016-10-10T10:31:33.667140","---"
"0","164","2016-10-10T10:31:34.777514","---"
"0","178","2016-10-10T10:31:35.886411","---"
"0","190","2016-10-10T10:34:24.928871","---"
"0","175","2016-10-10T10:34:26.028697","---"
"0","167","2016-10-10T10:34:28.258996","---"
"0","177","2016-10-10T10:34:29.358494","---"
"0","187","2016-10-10T10:34:30.468826","---"
"0","183","2016-10-10T10:34:32.688722","---"
"0","197","2016-10-10T10:34:33.798898","---"
"0","189","2016-10-10T10:34:34.908976","---"
"0","181","2016-10-10T10:34:36.019081","---"
"0","166","2016-10-10T10:34:38.238280","---"
"0","180","2016-10-10T10:34:39.358851","---"
"0","169","2016-10-10T10:34:40.468980","---"
"0","154","2016-10-10T10:34:43.798867","---"
"0","161","2016-10-10T10:34:44.909057","---"
"0","153","2016-10-10T10:34:47.128680","---"
"0","156","2016-10-10T10:34:48.238255","---"
"0","163","2016-10-10T10:34:49.348827","---"
"0","166","2016-10-10T10:34:50.469133","---"
"0","173","2016-10-10T10:34:51.578557","---"
"0","169","2016-10-10T10:34:52.688750","---"
"0","172","2016-10-10T10:34:53.798778","---"
"0","157","2016-10-10T10:34:54.909233","---"
"0","167","2016-10-10T10:34:56.018873","---"
"0","170","2016-10-10T10:34:57.128790","---"
"0","166","2016-10-10T10:34:58.238226","---"
"0","180","2016-10-10T10:34:59.348772","---"
"0","194","2016-10-10T10:35:00.458989","---"
"0","186","2016-10-10T10:35:01.578602","---"
"0","193","2016-10-10T10:35:02.688779","---"
"0","196","2016-10-10T10:35:03.798766","---"
"0","188","2016-10-10T10:35:04.908857","---"
"0","198","2016-10-10T10:35:06.018576","---"
"0","208","2016-10-10T10:35:07.128608","---"
"0","200","2016-10-10T10:35:08.238210","---"
"0","196","2016-10-10T10:35:09.348293","---"
"0","185","2016-10-10T10:35:10.458403","---"
"0","199","2016-10-10T10:35:11.568563","---"
"0","184","2016-10-10T10:35:12.688096","---"
"0","194","2016-10-10T10:35:14.908385","---"
"0","197","2016-10-10T10:35:16.018341","---"
"0","186","2016-10-10T10:35:17.128841","---"
"0","175","2016-10-10T10:35:18.238164","---"
"0","164","2016-10-10T10:35:19.348295","---"
"0","167","2016-10-10T10:35:21.568507","---"
"0","163","2016-10-10T10:35:22.678109","---"
"0","166","2016-10-10T10:35:23.798629","---"
"0","151","2016-10-10T10:35:24.909249","---"
"0","161","2016-10-10T10:35:26.018629","---"
"0","168","2016-10-10T10:35:27.129037","---"
"0","160","2016-10-10T10:35:29.349211","---"
"0","149","2016-10-10T10:35:30.458072","---"
"0","134","2016-10-10T10:35:31.569087","---"
"0","148","2016-10-10T10:35:32.678779","---"
"0","133","2016-10-10T10:35:33.789130","---"
"0","118","2016-10-10T10:35:34.909549","---"
"0","125","2016-10-10T10:35:36.020112","---"
"0","132","2016-10-10T10:35:37.131140","---"
"0","121","2016-10-10T10:35:38.239092","---"
"0","135","2016-10-10T10:35:39.350695","---"
"0","131","2016-10-10T10:35:40.460057","---"
"0","120","2016-10-10T10:35:41.569904","---"
"0","109","2016-10-10T10:35:43.789031","---"
"0","101","2016-10-10T10:35:47.129237","---"
"0","115","2016-10-10T10:35:48.238353","---"
"0","118","2016-10-10T10:35:49.349145","---"
"0","103","2016-10-10T10:35:51.569244","---"
"0","95","2016-10-10T10:35:52.679358","---"
"0","109","2016-10-10T10:35:53.789353","---"
"0","119","2016-10-10T10:35:54.898571","---"
"0","115","2016-10-10T10:35:56.008568","---"
"0","122","2016-10-10T10:36:00.458809","---"
"0","118","2016-10-10T10:36:01.568707","---"
"0","128","2016-10-10T10:36:03.788373","---"
"0","124","2016-10-10T10:36:04.898636","---"
"0","138","2016-10-10T10:36:06.008234","---"
"0","152","2016-10-10T10:36:07.118386","---"
"0","166","2016-10-10T10:36:08.238274","---"
"0","176","2016-10-10T10:36:09.348351","---"
"0","172","2016-10-10T10:36:10.458936","---"
"0","179","2016-10-10T10:36:11.568569","---"
"0","182","2016-10-10T10:36:12.678758","---"
"0","189","2016-10-10T10:36:13.788803","---"
"0","178","2016-10-10T10:36:14.899388","---"
"0","174","2016-10-10T10:36:16.009140","---"
"0","159","2016-10-10T10:36:18.236666","---"
"0","169","2016-10-10T10:36:19.348503","---"
"0","165","2016-10-10T10:36:20.452575","---"
"0","172","2016-10-10T10:36:21.560274","---"
"0","157","2016-10-10T10:36:23.791244","---"
"0","171","2016-10-10T10:36:26.006033","---"
"0","185","2016-10-10T10:36:27.113907","---"
"0","177","2016-10-10T10:36:28.220956","---"
"0","162","2016-10-10T10:36:29.328610","---"
"0","147","2016-10-10T10:36:30.450602","---"
"0","132","2016-10-10T10:36:31.559493","---"
"0","117","2016-10-10T10:36:32.682586","---"
"0","127","2016-10-10T10:36:33.779165","---"
"0","119","2016-10-10T10:36:34.889062","---"
"0","104","2016-10-10T10:36:35.998496","---"
"0","111","2016-10-10T10:36:37.108274","---"
"0","100","2016-10-10T10:36:38.218163","---"
"0","110","2016-10-10T10:36:39.328323","---"
"0","102","2016-10-10T10:36:42.668697","---"
"0","98","2016-10-10T10:36:43.778778","---"
"0","87","2016-10-10T10:36:45.998829","---"
"0","101","2016-10-10T10:36:48.218636","---"
"0","97","2016-10-10T10:36:49.328722","---"
"0","104","2016-10-10T10:36:50.438932","---"
"0","114","2016-10-10T10:36:51.549061","---"
"0","121","2016-10-10T10:36:52.675010","---"
"0","113","2016-10-10T10:36:54.902725","---"
"0","102","2016-10-10T10:36:56.010241","---"
"0","109","2016-10-10T10:36:57.117854","---"
"0","119","2016-10-10T10:36:58.224885","---"
"0","108","2016-10-10T10:36:59.329591","---"
"0","115","2016-10-10T10:37:00.439185","---"
"0","104","2016-10-10T10:37:01.548948","---"
"0","111","2016-10-10T10:37:02.658280","---"
"0","125","2016-10-10T10:37:03.778245","---"
"0","132","2016-10-10T10:37:04.889050","---"
"0","135","2016-10-10T10:37:07.109185","---"
"0","120","2016-10-10T10:37:09.328268","---"
"0","109","2016-10-10T10:37:10.439332","---"
"0","123","2016-10-10T10:37:11.548518","---"
"0","130","2016-10-10T10:37:12.658801","---"
"0","115","2016-10-10T10:37:13.769309","---"
"0","100","2016-10-10T10:37:14.889328","---"
"0","92","2016-10-10T10:37:17.109474","---"
"0","77","2016-10-10T10:37:18.218485","---"
"0","73","2016-10-10T10:37:19.328172","---"
"0","87","2016-10-10T10:37:20.439605","---"
"0","94","2016-10-10T10:37:21.549564","---"
"0","101","2016-10-10T10:37:22.658871","---"
"0","97","2016-10-10T10:37:23.769576","---"
"0","82","2016-10-10T10:37:24.878789","---"
"0","74","2016-10-10T10:37:27.109600","---"
"0","81","2016-10-10T10:37:28.218764","---"
"0","73","2016-10-10T10:37:29.329278","---"
"0","87","2016-10-10T10:37:30.452142","---"
"0","72","2016-10-10T10:37:31.559924","---"
"0","86","2016-10-10T10:37:34.882206","---"
"0","78","2016-10-10T10:37:35.989819","---"
"0","63","2016-10-10T10:37:38.220730","---"
"0","48","2016-10-10T10:37:39.328883","---"
"0","37","2016-10-10T10:37:41.549241","---"
"0","51","2016-10-10T10:37:42.658460","---"
"0","65","2016-10-10T10:37:43.768626","---"
"0","72","2016-10-10T10:37:45.988354","---"
"0","57","2016-10-10T10:37:48.218308","---"
"0","49","2016-10-10T10:37:49.328882","---"
"0","63","2016-10-10T10:37:50.438810","---"
"0","48","2016-10-10T10:37:51.548639","---"
"0","58","2016-10-10T10:37:52.658583","---"
"0","54","2016-10-10T10:37:54.878427","---"
"0","64","2016-10-10T10:37:55.988571","---"
"0","60","2016-10-10T10:37:59.328814","---"
"0","52","2016-10-10T10:38:01.548644","---"
"0","66","2016-10-10T10:38:02.658178","---"
"0","55","2016-10-10T10:38:03.768650","---"
"0","62","2016-10-10T10:38:04.878956","---"
"0","76","2016-10-10T10:38:07.098626","---"
"0","72","2016-10-10T10:38:08.208868","---"
"0","79","2016-10-10T10:38:09.318324","---"
"0","75","2016-10-10T10:38:10.438992","---"
"0","82","2016-10-10T10:38:12.658280","---"
"0","67","2016-10-10T10:38:13.768721","---"
"0","52","2016-10-10T10:38:14.878865","---"
"0","66","2016-10-10T10:38:15.988993","---"
"0","80","2016-10-10T10:38:17.098560","---"
"0","83","2016-10-10T10:38:19.318294","---"
"0","90","2016-10-10T10:38:22.658125","---"
"0","104","2016-10-10T10:38:24.878806","---"
"0","114","2016-10-10T10:38:25.988887","---"
"0","106","2016-10-10T10:38:27.100234","---"
"0","95","2016-10-10T10:38:28.208202","---"
"0","87","2016-10-10T10:38:29.318804","---"
"0","94","2016-10-10T10:38:32.658639","---"
"0","97","2016-10-10T10:38:35.993845","---"
"0","100","2016-10-10T10:38:37.099291","---"
"0","85","2016-10-10T10:38:38.209355","---"
"0","77","2016-10-10T10:38:39.319213","---"
"0","80","2016-10-10T10:38:40.428579","---"
"0","90","2016-10-10T10:38:41.538315","---"
"0","93","2016-10-10T10:38:42.649153","---"
"0","100","2016-10-10T10:38:43.769181","---"
"0","96","2016-10-10T10:38:45.989247","---"
"0","85","2016-10-10T10:38:47.099399","---"
"0","74","2016-10-10T10:38:49.318139","---"
"0","66","2016-10-10T10:38:50.428369","---"
"0","76","2016-10-10T10:38:52.649248","---"
"0","61","2016-10-10T10:38:54.879160","---"
"0","53","2016-10-10T10:38:55.989555","---"
"0","56","2016-10-10T10:38:57.098965","---"
"0","66","2016-10-10T10:38:58.208745","---"
"0","51","2016-10-10T10:38:59.318794","---"
"0","36","2016-10-10T10:39:00.429644","---"
"0","21","2016-10-10T10:39:03.759022","---"
"0","35","2016-10-10T10:39:04.868791","---"
"0","42","2016-10-10T10:39:05.989849","---"
"0","56","2016-10-10T10:39:08.208554","---"
"0","48","2016-10-10T10:39:09.318115","---"
"0","62","2016-10-10T10:39:10.428761","---"
"0","54","2016-10-10T10:39:11.538682","---"
"0","64","2016-10-10T10:39:13.758555","---"
"0","56","2016-10-10T10:39:14.868922","---"
"0","66","2016-10-10T10:39:15.978849","---"
"0","69","2016-10-10T10:39:17.098941","---"
"0","83","2016-10-10T10:39:19.318215","---"
"0","79","2016-10-10T10:39:20.428724","---"
"0","82","2016-10-10T10:39:21.543448","---"
"0","92","2016-10-10T10:39:22.634485","---"
"0","84","2016-10-10T10:39:23.743286","---"
"0","98","2016-10-10T10:39:24.850604","---"
"0","108","2016-10-10T10:39:25.972788","---"
"0","104","2016-10-10T10:39:27.081099","---"
"0","107","2016-10-10T10:39:28.190940","---"
"0","121","2016-10-10T10:39:29.311863","---"
"0","113","2016-10-10T10:39:31.527034","---"
"0","105","2016-10-10T10:39:32.634363","---"
"0","97","2016-10-10T10:39:33.738641","---"
"0","104","2016-10-10T10:39:34.850726","---"
"0","111","2016-10-10T10:39:37.070702","---"
"0","103","2016-10-10T10:39:38.179894","---"
"0","110","2016-10-10T10:39:39.299835","---"
"0","106","2016-10-10T10:39:40.413640","---"
"0","109","2016-10-10T10:39:41.521102","---"
"0","94","2016-10-10T10:39:42.629232","---"
"0","79","2016-10-10T10:39:43.738555","---"
"0","64","2016-10-10T10:39:45.958881","---"
"0","78","2016-10-10T10:39:47.068982","---"
"0","88","2016-10-10T10:39:48.178970","---"
"0","91","2016-10-10T10:39:49.288312","---"
"0","76","2016-10-10T10:39:50.409273","---"
"0","86","2016-10-10T10:39:52.629042","---"
"0","82","2016-10-10T10:39:53.738245","---"
"0","85","2016-10-10T10:39:54.848770","---"
"0","88","2016-10-10T10:39:55.960575","---"
"0","98","2016-10-10T10:39:57.068858","---"
"0","90","2016-10-10T10:39:58.178768","---"
"0","104","2016-10-10T10:39:59.288843","---"
"0","93","2016-10-10T10:40:00.398789","---"
"0","103","2016-10-10T10:40:01.518331","---"
"0","117","2016-10-10T10:40:02.628978","---"
"0","106","2016-10-10T10:40:03.738526","---"
"0","102","2016-10-10T10:40:04.848652","---"
"0","116","2016-10-10T10:40:05.958806","---"
"0","105","2016-10-10T10:40:07.068910","---"
"0","108","2016-10-10T10:40:08.178496","---"
"0","111","2016-10-10T10:40:09.288094","---"
"0","118","2016-10-10T10:40:10.398729","---"
"0","103","2016-10-10T10:40:12.628794","---"
"0","99","2016-10-10T10:40:13.738133","---"
"0","88","2016-10-10T10:40:14.848497","---"
"0","77","2016-10-10T10:40:15.958755","---"
"0","87","2016-10-10T10:40:18.178442","---"
"0","79","2016-10-10T10:40:19.288097","---"
"0","64","2016-10-10T10:40:20.398224","---"
"0","49","2016-10-10T10:40:23.739047","---"
"0","45","2016-10-10T10:40:24.848096","---"
"0","59","2016-10-10T10:40:25.958245","---"
"0","48","2016-10-10T10:40:27.068131","---"
"0","55","2016-10-10T10:40:28.178474","---"
"0","62","2016-10-10T10:40:29.288120","---"
"0","58","2016-10-10T10:40:30.399059","---"
"0","54","2016-10-10T10:40:31.508240","---"
"0","43","2016-10-10T10:40:32.618383","---"
"0","32","2016-10-10T10:40:33.728244","---"
"0","24","2016-10-10T10:40:34.848565","---"
"0","38","2016-10-10T10:40:35.958712","---"
"0","27","2016-10-10T10:40:37.068815","---"
"0","30","2016-10-10T10:40:39.288172","---"
"0","15","2016-10-10T10:40:41.518961","---"
"0","29","2016-10-10T10:40:42.626096","---"
"0","43","2016-10-10T10:40:44.841800","---"
"0","32","2016-10-10T10:40:45.966678","---"
"0","28","2016-10-10T10:40:47.071182","---"
"0","20","2016-10-10T10:40:48.179476","---"
"0","16","2016-10-10T10:40:49.297646","---"
"0","26","2016-10-10T10:40:50.412756","---"
"0","40","2016-10-10T10:40:51.517922","---"
"0","29","2016-10-10T10:40:52.625348","---"
"0","18","2016-10-10T10:40:53.732332","---"
"0","3","2016-10-10T10:40:55.950489","---"
"0","10","2016-10-10T10:40:57.068847","---"
"0","0","2016-10-10T10:40:58.180294","---"
"0","14","2016-10-10T10:40:59.289016","---"
"0","28","2016-10-10T10:41:00.399127","---"
"0","42","2016-10-10T10:41:02.619008","---"
"0","49","2016-10-10T10:41:03.728213","---"
"0","34","2016-10-10T10:41:04.839500","---"
"0","30","2016-10-10T10:41:05.948992","---"
"0","40","2016-10-10T10:41:07.059124","---"
"0","29","2016-10-10T10:41:09.288257","---"
"0","39","2016-10-10T10:41:10.398279","---"
"0","46","2016-10-10T10:41:11.508373","---"
"0","38","2016-10-10T10:41:12.618500","---"
"0","27","2016-10-10T10:41:13.728113","---"
"0","12","2016-10-10T10:41:14.838725","---"
"0","4","2016-10-10T10:41:15.948350","---"
"0","7","2016-10-10T10:41:17.058723","---"
"0","14","2016-10-10T10:41:18.169084","---"
"0","10","2016-10-10T10:41:19.288316","---"
"0","2","2016-10-10T10:41:20.398260","---"
"0","302","2016-10-10T10:41:37.059047","---"
"0","305","2016-10-10T10:41:38.169844","---"
"0","297","2016-10-10T10:41:39.279094","---"
"0","300","2016-10-10T10:41:40.389094","---"
"0","307","2016-10-10T10:41:41.509156","---"
"0","310","2016-10-10T10:41:42.618835","---"
"0","320","2016-10-10T10:41:43.728596","---"
"0","323","2016-10-10T10:41:44.840561","---"
"0","333","2016-10-10T10:41:45.948370","---"
"0","318","2016-10-10T10:41:47.059058","---"
"0","332","2016-10-10T10:41:48.168069","---"
"0","321","2016-10-10T10:41:49.278258","---"
"0","324","2016-10-10T10:41:50.388386","---"
"0","338","2016-10-10T10:41:51.498413","---"
"0","341","2016-10-10T10:41:52.619107","---"
"0","326","2016-10-10T10:41:53.728568","---"
"0","329","2016-10-10T10:41:54.838321","---"
"0","318","2016-10-10T10:41:55.949025","---"
"0","310","2016-10-10T10:41:59.278135","---"
"0","306","2016-10-10T10:42:01.498380","---"
"0","313","2016-10-10T10:42:02.608993","---"
"0","316","2016-10-10T10:42:04.838240","---"
"0","301","2016-10-10T10:42:05.949109","---"
"0","297","2016-10-10T10:42:09.278397","---"
"0","286","2016-10-10T10:42:10.388344","---"
"0","282","2016-10-10T10:42:11.499140","---"
"0","274","2016-10-10T10:42:12.609081","---"
"0","288","2016-10-10T10:42:13.718409","---"
"0","298","2016-10-10T10:42:14.838651","---"
"0","290","2016-10-10T10:42:15.957343","---"
"0","286","2016-10-10T10:42:17.061260","---"
"0","289","2016-10-10T10:42:18.169983","---"
"0","303","2016-10-10T10:42:19.279486","---"
"0","306","2016-10-10T10:42:20.389446","---"
"0","309","2016-10-10T10:42:21.498236","---"
"0","294","2016-10-10T10:42:25.949072","---"
"0","286","2016-10-10T10:42:27.058121","---"
"0","275","2016-10-10T10:42:29.278238","---"
"0","271","2016-10-10T10:42:30.388894","---"
"0","274","2016-10-10T10:42:31.498744","---"
"0","259","2016-10-10T10:42:32.608558","---"
"0","269","2016-10-10T10:42:34.828186","---"
"0","272","2016-10-10T10:42:35.938997","---"
"0","282","2016-10-10T10:42:38.168566","---"
"0","274","2016-10-10T10:42:39.278315","---"
"0","266","2016-10-10T10:42:41.499286","---"
"0","269","2016-10-10T10:42:42.608066","---"
"0","254","2016-10-10T10:42:43.718163","---"
"0","257","2016-10-10T10:42:44.840584","---"
"0","264","2016-10-10T10:42:45.940990","---"
"0","278","2016-10-10T10:42:47.055717","---"
"0","285","2016-10-10T10:42:48.172674","---"
"0","292","2016-10-10T10:42:49.278192","---"
"0","277","2016-10-10T10:42:50.393520","---"
"0","280","2016-10-10T10:42:51.501086","---"
"0","276","2016-10-10T10:42:52.609128","---"
"0","261","2016-10-10T10:42:53.718829","---"
"0","268","2016-10-10T10:42:54.830974","---"
"0","257","2016-10-10T10:42:55.938633","---"
"0","253","2016-10-10T10:42:57.048668","---"
"0","260","2016-10-10T10:42:58.160072","---"
"0","267","2016-10-10T10:43:00.388282","---"
"0","256","2016-10-10T10:43:02.608675","---"
"0","241","2016-10-10T10:43:04.831799","---"
"0","255","2016-10-10T10:43:07.063182","---"
"0","258","2016-10-10T10:43:08.162159","---"
"0","243","2016-10-10T10:43:09.268483","---"
"0","232","2016-10-10T10:43:10.400856","---"
"0","239","2016-10-10T10:43:13.723538","---"
"0","231","2016-10-10T10:43:14.831479","---"
"0","227","2016-10-10T10:43:15.938488","---"
"0","216","2016-10-10T10:43:17.064109","---"
"0","212","2016-10-10T10:43:18.160934","---"
"0","208","2016-10-10T10:43:19.270665","---"
"0","197","2016-10-10T10:43:20.380516","---"
"0","207","2016-10-10T10:43:21.498839","---"
"0","214","2016-10-10T10:43:22.610384","---"
"0","221","2016-10-10T10:43:24.828722","---"
"0","213","2016-10-10T10:43:25.938564","---"
"0","198","2016-10-10T10:43:27.048243","---"
"0","212","2016-10-10T10:43:28.158632","---"
"0","215","2016-10-10T10:43:29.268268","---"
"0","225","2016-10-10T10:43:30.378470","---"
"0","228","2016-10-10T10:43:31.488329","---"
"0","220","2016-10-10T10:43:32.608735","---"
"0","234","2016-10-10T10:43:33.719216","---"
"0","244","2016-10-10T10:43:34.829055","---"
"0","240","2016-10-10T10:43:35.938992","---"
"0","243","2016-10-10T10:43:37.048696","---"
"0","235","2016-10-10T10:43:38.158854","---"
"0","249","2016-10-10T10:43:40.378208","---"
"0","256","2016-10-10T10:43:41.488222","---"
"0","259","2016-10-10T10:43:42.598386","---"
"0","262","2016-10-10T10:43:43.719257","---"
"0","247","2016-10-10T10:43:45.939009","---"
"0","243","2016-10-10T10:43:47.052382","---"
"0","228","2016-10-10T10:43:48.159203","---"
"0","242","2016-10-10T10:43:50.390315","---"
"0","245","2016-10-10T10:43:51.498665","---"
"0","237","2016-10-10T10:43:52.606028","---"
"0","233","2016-10-10T10:43:53.713030","---"
"0","222","2016-10-10T10:43:54.836252","---"
"0","207","2016-10-10T10:43:55.944399","---"
"0","217","2016-10-10T10:43:57.051654","---"
"0","213","2016-10-10T10:43:58.161004","---"
"0","220","2016-10-10T10:43:59.281396","---"
"0","212","2016-10-10T10:44:00.387904","---"
"0","204","2016-10-10T10:44:01.497049","---"
"0","214","2016-10-10T10:44:02.598336","---"
"0","224","2016-10-10T10:44:04.820400","---"
"0","220","2016-10-10T10:44:05.940416","---"
"0","223","2016-10-10T10:44:07.050365","---"
"0","208","2016-10-10T10:44:08.158159","---"
"0","211","2016-10-10T10:44:10.379256","---"
"0","218","2016-10-10T10:44:12.598817","---"
"0","207","2016-10-10T10:44:13.709128","---"
"0","192","2016-10-10T10:44:14.818467","---"
"0","177","2016-10-10T10:44:15.928653","---"
"0","173","2016-10-10T10:44:17.049133","---"
"0","183","2016-10-10T10:44:18.158894","---"
"0","175","2016-10-10T10:44:19.268461","---"
"0","160","2016-10-10T10:44:20.378079","---"
"0","174","2016-10-10T10:44:21.488992","---"
"0","166","2016-10-10T10:44:22.598892","---"
"0","173","2016-10-10T10:44:24.818481","---"
"0","180","2016-10-10T10:44:27.038633","---"
"0","169","2016-10-10T10:44:28.158871","---"
"0","179","2016-10-10T10:44:29.268478","---"
"0","175","2016-10-10T10:44:30.378649","---"
"0","167","2016-10-10T10:44:31.488613","---"
"0","181","2016-10-10T10:44:32.598858","---"
"0","177","2016-10-10T10:44:33.708771","---"
"0","184","2016-10-10T10:44:37.038887","---"
"0","169","2016-10-10T10:44:40.379264","---"
"0","158","2016-10-10T10:44:42.612906","---"
"0","168","2016-10-10T10:44:44.820749","---"
"0","182","2016-10-10T10:44:47.038447","---"
"0","192","2016-10-10T10:44:48.150299","---"
"0","199","2016-10-10T10:44:49.260318","---"
"0","191","2016-10-10T10:44:51.488782","---"
"0","201","2016-10-10T10:44:52.598132","---"
"0","208","2016-10-10T10:44:53.710305","---"
"0","218","2016-10-10T10:44:54.818519","---"
"0","203","2016-10-10T10:44:55.929143","---"
"0","206","2016-10-10T10:44:57.038572","---"
"0","216","2016-10-10T10:44:58.148770","---"
"0","223","2016-10-10T10:45:00.368418","---"
"0","219","2016-10-10T10:45:01.489073","---"
"0","222","2016-10-10T10:45:02.598398","---"
"0","225","2016-10-10T10:45:03.708330","---"
"0","221","2016-10-10T10:45:04.818376","---"
"0","206","2016-10-10T10:45:05.928450","---"
"0","198","2016-10-10T10:45:07.038284","---"
"0","201","2016-10-10T10:45:08.148176","---"
"0","197","2016-10-10T10:45:09.258535","---"
"0","207","2016-10-10T10:45:10.368329","---"
"0","221","2016-10-10T10:45:12.611400","---"
"0","231","2016-10-10T10:45:13.719558","---"
"0","227","2016-10-10T10:45:14.826979","---"
"0","230","2016-10-10T10:45:15.935428","---"
"0","240","2016-10-10T10:45:17.041177","---"
"0","232","2016-10-10T10:45:18.149232","---"
"0","242","2016-10-10T10:45:19.271988","---"
"0","256","2016-10-10T10:45:20.380261","---"
"0","266","2016-10-10T10:45:21.488239","---"
"0","255","2016-10-10T10:45:22.589689","---"
"0","265","2016-10-10T10:45:23.717823","---"
"0","275","2016-10-10T10:45:24.826235","---"
"0","285","2016-10-10T10:45:25.933833","---"
"0","270","2016-10-10T10:45:27.043521","---"
"0","262","2016-10-10T10:45:28.148266","---"
"0","276","2016-10-10T10:45:29.259791","---"
"0","268","2016-10-10T10:45:30.370275","---"
"0","257","2016-10-10T10:45:31.478575","---"
"0","271","2016-10-10T10:45:32.590648","---"
"0","274","2016-10-10T10:45:34.819760","---"
"0","288","2016-10-10T10:45:38.148659","---"
"0","280","2016-10-10T10:45:39.258210","---"
"0","269","2016-10-10T10:45:40.368861","---"
"0","265","2016-10-10T10:45:41.478739","---"
"0","272","2016-10-10T10:45:42.588572","---"
"0","286","2016-10-10T10:45:43.698513","---"
"0","275","2016-10-10T10:45:45.928882","---"
"0","267","2016-10-10T10:45:47.039283","---"
"0","281","2016-10-10T10:45:48.148542","---"
"0","284","2016-10-10T10:45:49.258166","---"
"0","298","2016-10-10T10:45:50.368355","---"
"0","283","2016-10-10T10:45:52.588393","---"
"0","293","2016-10-10T10:45:53.706083","---"
"0","296","2016-10-10T10:45:54.814508","---"
"0","306","2016-10-10T10:45:55.921591","---"
"0","316","2016-10-10T10:45:58.148168","---"
"0","319","2016-10-10T10:45:59.259354","---"
"0","322","2016-10-10T10:46:00.368155","---"
"0","332","2016-10-10T10:46:02.589141","---"
"0","346","2016-10-10T10:46:03.698445","---"
"0","335","2016-10-10T10:46:04.809126","---"
"0","320","2016-10-10T10:46:07.028969","---"
"0","312","2016-10-10T10:46:09.258226","---"
"0","308","2016-10-10T10:46:10.368914","---"
"0","315","2016-10-10T10:46:11.479307","---"
"0","307","2016-10-10T10:46:12.588640","---"
"0","292","2016-10-10T10:46:14.808657","---"
"0","284","2016-10-10T10:46:15.918929","---"
"0","273","2016-10-10T10:46:17.029144","---"
"0","262","2016-10-10T10:46:20.368359","---"
"0","269","2016-10-10T10:46:22.601518","---"
"0","279","2016-10-10T10:46:23.709298","---"
"0","271","2016-10-10T10:46:24.809657","---"
"0","263","2016-10-10T10:46:25.918720","---"
"0","252","2016-10-10T10:46:27.029215","---"
"0","248","2016-10-10T10:46:29.248602","---"
"0","240","2016-10-10T10:46:30.368735","---"
"0","243","2016-10-10T10:46:31.478120","---"
"0","246","2016-10-10T10:46:33.698576","---"
"0","242","2016-10-10T10:46:34.808523","---"
"0","245","2016-10-10T10:46:37.028688","---"
"0","241","2016-10-10T10:46:39.248456","---"
"0","237","2016-10-10T10:46:40.358479","---"
"0","222","2016-10-10T10:46:41.479030","---"
"0","232","2016-10-10T10:46:42.588748","---"
"0","224","2016-10-10T10:46:43.701488","---"
"0","216","2016-10-10T10:46:47.030184","---"
"0","226","2016-10-10T10:46:48.143523","---"
"0","222","2016-10-10T10:46:49.257213","---"
"0","207","2016-10-10T10:46:51.470971","---"
"0","210","2016-10-10T10:46:52.588514","---"
"0","224","2016-10-10T10:46:53.700457","---"
"0","209","2016-10-10T10:46:54.810163","---"
"0","198","2016-10-10T10:46:57.028172","---"
"0","190","2016-10-10T10:46:58.141064","---"
"0","182","2016-10-10T10:47:00.363083","---"
"0","185","2016-10-10T10:47:01.470170","---"
"0","199","2016-10-10T10:47:02.579578","---"
"0","209","2016-10-10T10:47:03.701517","---"
"0","212","2016-10-10T10:47:04.809633","---"
"0","201","2016-10-10T10:47:05.919540","---"
"0","208","2016-10-10T10:47:07.039853","---"
"0","218","2016-10-10T10:47:08.148494","---"
"0","214","2016-10-10T10:47:09.254051","---"
"0","199","2016-10-10T10:47:10.362147","---"
"0","188","2016-10-10T10:47:11.470147","---"
"0","184","2016-10-10T10:47:12.593289","---"
"0","180","2016-10-10T10:47:13.700972","---"
"0","176","2016-10-10T10:47:14.808554","---"
"0","168","2016-10-10T10:47:15.932235","---"
"0","175","2016-10-10T10:47:17.029989","---"
"0","160","2016-10-10T10:47:19.253531","---"
"0","167","2016-10-10T10:47:20.361408","---"
"0","152","2016-10-10T10:47:21.468830","---"
"0","166","2016-10-10T10:47:22.585200","---"
"0","169","2016-10-10T10:47:23.690468","---"
"0","154","2016-10-10T10:47:24.800465","---"
"0","150","2016-10-10T10:47:25.919676","---"
"0","160","2016-10-10T10:47:27.029561","---"
"0","145","2016-10-10T10:47:28.138650","---"
"0","159","2016-10-10T10:47:30.358192","---"
"0","155","2016-10-10T10:47:32.578676","---"
"0","151","2016-10-10T10:47:33.688628","---"
"0","154","2016-10-10T10:47:34.798674","---"
"0","164","2016-10-10T10:47:35.909032","---"
"0","171","2016-10-10T10:47:37.029146","---"
"0","178","2016-10-10T10:47:38.139069","---"
"0","185","2016-10-10T10:47:39.248083","---"
"0","195","2016-10-10T10:47:40.359204","---"
"0","191","2016-10-10T10:47:41.469048","---"
"0","187","2016-10-10T10:47:42.579285","---"
"0","176","2016-10-10T10:47:44.798120","---"
"0","183","2016-10-10T10:47:45.908173","---"
"0","197","2016-10-10T10:47:47.021201","---"
"0","211","2016-10-10T10:47:48.139020","---"
"0","218","2016-10-10T10:47:49.248560","---"
"0","214","2016-10-10T10:47:50.359261","---"
"0","210","2016-10-10T10:47:51.468262","---"
"0","195","2016-10-10T10:47:52.578829","---"
"0","180","2016-10-10T10:47:54.798210","---"
"0","169","2016-10-10T10:47:55.908763","---"
"0","179","2016-10-10T10:47:57.018862","---"
"0","193","2016-10-10T10:47:58.129193","---"
"0","207","2016-10-10T10:47:59.248579","---"
"0","221","2016-10-10T10:48:00.364417","---"
"0","228","2016-10-10T10:48:01.471860","---"
"0","217","2016-10-10T10:48:04.810851","---"
"0","209","2016-10-10T10:48:05.909053","---"
"0","194","2016-10-10T10:48:07.020892","---"
"0","183","2016-10-10T10:48:08.128692","---"
"0","190","2016-10-10T10:48:10.358118","---"
"0","193","2016-10-10T10:48:13.689922","---"
"0","189","2016-10-10T10:48:14.799242","---"
"0","196","2016-10-10T10:48:15.908600","---"
"0","206","2016-10-10T10:48:17.018523","---"
"0","209","2016-10-10T10:48:18.128855","---"
"0","194","2016-10-10T10:48:19.238407","---"
"0","183","2016-10-10T10:48:20.348231","---"
"0","168","2016-10-10T10:48:22.580479","---"
"0","160","2016-10-10T10:48:23.688361","---"
"0","170","2016-10-10T10:48:24.799645","---"
"0","177","2016-10-10T10:48:27.018249","---"
"0","166","2016-10-10T10:48:29.238386","---"
"0","155","2016-10-10T10:48:30.348843","---"
"0","162","2016-10-10T10:48:32.578867","---"
"0","151","2016-10-10T10:48:33.689098","---"
"0","143","2016-10-10T10:48:34.799739","---"
"0","132","2016-10-10T10:48:35.908258","---"
"0","128","2016-10-10T10:48:37.023015","---"
"0","135","2016-10-10T10:48:38.131320","---"
"0","149","2016-10-10T10:48:39.240573","---"
"0","138","2016-10-10T10:48:41.464246","---"
"0","127","2016-10-10T10:48:43.688810","---"
"0","116","2016-10-10T10:48:44.798727","---"
"0","108","2016-10-10T10:48:45.909041","---"
"0","93","2016-10-10T10:48:47.018521","---"
"0","103","2016-10-10T10:48:48.128804","---"
"0","92","2016-10-10T10:48:51.459214","---"
"0","95","2016-10-10T10:48:52.569059","---"
"0","102","2016-10-10T10:48:53.678129","---"
"0","105","2016-10-10T10:48:54.799067","---"
"0","94","2016-10-10T10:48:57.018932","---"
"0","108","2016-10-10T10:48:58.128576","---"
"0","115","2016-10-10T10:48:59.238188","---"
"0","118","2016-10-10T10:49:00.348309","---"
"0","128","2016-10-10T10:49:02.568617","---"
"0","124","2016-10-10T10:49:03.678494","---"
"0","120","2016-10-10T10:49:04.788407","---"
"0","116","2016-10-10T10:49:05.908377","---"
"0","108","2016-10-10T10:49:07.018498","---"
"0","100","2016-10-10T10:49:08.128060","---"
"0","92","2016-10-10T10:49:09.238068","---"
"0","106","2016-10-10T10:49:10.348423","---"
"0","120","2016-10-10T10:49:11.458382","---"
"0","109","2016-10-10T10:49:12.568566","---"
"0","105","2016-10-10T10:49:14.788784","---"
"0","97","2016-10-10T10:49:15.898206","---"
"0","86","2016-10-10T10:49:17.018992","---"
"0","89","2016-10-10T10:49:18.128514","---"
"0","85","2016-10-10T10:49:20.348258","---"
"0","77","2016-10-10T10:49:21.458902","---"
"0","87","2016-10-10T10:49:22.569383","---"
"0","97","2016-10-10T10:49:25.899123","---"
"0","107","2016-10-10T10:49:27.008459","---"
"0","99","2016-10-10T10:49:28.128184","---"
"0","113","2016-10-10T10:49:31.458622","---"
"0","116","2016-10-10T10:49:32.571246","---"
"0","108","2016-10-10T10:49:33.678722","---"
"0","118","2016-10-10T10:49:34.790220","---"
"0","125","2016-10-10T10:49:35.900327","---"
"0","110","2016-10-10T10:49:37.009074","---"
"0","99","2016-10-10T10:49:38.120483","---"
"0","91","2016-10-10T10:49:39.240226","---"
"0","98","2016-10-10T10:49:41.458701","---"
"0","87","2016-10-10T10:49:42.568319","---"
"0","72","2016-10-10T10:49:43.678340","---"
"0","68","2016-10-10T10:49:44.788523","---"
"0","71","2016-10-10T10:49:45.898249","---"
"0","67","2016-10-10T10:49:47.008214","---"
"0","74","2016-10-10T10:49:49.228384","---"
"0","66","2016-10-10T10:49:50.348604","---"
"0","55","2016-10-10T10:49:52.568258","---"
"0","40","2016-10-10T10:49:53.678608","---"
"0","25","2016-10-10T10:49:54.788481","---"
"0","28","2016-10-10T10:49:57.015876","---"
"0","13","2016-10-10T10:49:58.124144","---"
"0","27","2016-10-10T10:49:59.229332","---"
"0","30","2016-10-10T10:50:02.570206","---"
"0","15","2016-10-10T10:50:03.678342","---"
"0","29","2016-10-10T10:50:04.790158","---"
"0","32","2016-10-10T10:50:07.010611","---"
"0","35","2016-10-10T10:50:08.119366","---"
"0","24","2016-10-10T10:50:09.230029","---"
"0","38","2016-10-10T10:50:10.339332","---"
"0","23","2016-10-10T10:50:11.449321","---"
"0","12","2016-10-10T10:50:13.678865","---"
"0","15","2016-10-10T10:50:14.788800","---"
"0","0","2016-10-10T10:50:15.898753","---"
"0","14","2016-10-10T10:50:17.008700","---"
"0","0","2016-10-10T10:50:18.118205","---"
"0","10","2016-10-10T10:50:20.338493","---"
"0","2","2016-10-10T10:50:21.448128","---"
"0","9","2016-10-10T10:50:22.558207","---"
"0","12","2016-10-10T10:50:24.788513","---"
"0","19","2016-10-10T10:50:25.899276","---"
"0","33","2016-10-10T10:50:27.008145","---"
"0","43","2016-10-10T10:50:28.118283","---"
"0","46","2016-10-10T10:50:29.228357","---"
"0","60","2016-10-10T10:50:31.448080","---"
"0","56","2016-10-10T10:50:32.558215","---"
"0","59","2016-10-10T10:50:33.668532","---"
"0","55","2016-10-10T10:50:35.898836","---"
"0","47","2016-10-10T10:50:37.017649","---"
"0","57","2016-10-10T10:50:39.228934","---"
"0","49","2016-10-10T10:50:40.339416","---"
"0","41","2016-10-10T10:50:41.448714","---"
"0","44","2016-10-10T10:50:42.558485","---"
"0","33","2016-10-10T10:50:43.668329","---"
"0","36","2016-10-10T10:50:44.778378","---"
"0","32","2016-10-10T10:50:45.898998","---"
"0","42","2016-10-10T10:50:47.008581","---"
"0","34","2016-10-10T10:50:49.228245","---"
"0","48","2016-10-10T10:50:50.339137","---"
"0","58","2016-10-10T10:50:51.449021","---"
"0","72","2016-10-10T10:50:52.558101","---"
"0","82","2016-10-10T10:50:53.668728","---"
"0","74","2016-10-10T10:50:55.888466","---"
"0","70","2016-10-10T10:50:57.012903","---"
"0","59","2016-10-10T10:50:58.120614","---"
"0","55","2016-10-10T10:50:59.228870","---"
"0","69","2016-10-10T10:51:00.350280","---"
"0","72","2016-10-10T10:51:01.458403","---"
"0","68","2016-10-10T10:51:02.566801","---"
"0","64","2016-10-10T10:51:03.673975","---"
"0","78","2016-10-10T10:51:04.781582","---"
"0","88","2016-10-10T10:51:05.889161","---"
"0","73","2016-10-10T10:51:07.011225","---"
"0","69","2016-10-10T10:51:08.119964","---"
"0","83","2016-10-10T10:51:09.229107","---"
"0","68","2016-10-10T10:51:10.345606","---"
"0","60","2016-10-10T10:51:11.457934","---"
"0","49","2016-10-10T10:51:12.562720","---"
"0","34","2016-10-10T10:51:13.669190","---"
"0","26","2016-10-10T10:51:14.780804","---"
"0","22","2016-10-10T10:51:15.888594","---"
"0","32","2016-10-10T10:51:17.002274","---"
"0","35","2016-10-10T10:51:18.109146","---"
"0","42","2016-10-10T10:51:19.228264","---"
"0","38","2016-10-10T10:51:20.338071","---"
"0","52","2016-10-10T10:51:21.448335","---"
"0","55","2016-10-10T10:51:22.558194","---"
"0","65","2016-10-10T10:51:23.668148","---"
"0","61","2016-10-10T10:51:24.778299","---"
"0","50","2016-10-10T10:51:25.888382","---"
"0","46","2016-10-10T10:51:28.108111","---"
"0","42","2016-10-10T10:51:30.338103","---"
"0","45","2016-10-10T10:51:32.558705","---"
"0","55","2016-10-10T10:51:33.668194","---"
"0","69","2016-10-10T10:51:34.778330","---"
"0","61","2016-10-10T10:51:35.888920","---"
"0","53","2016-10-10T10:51:36.998845","---"
"0","56","2016-10-10T10:51:38.108622","---"
"0","66","2016-10-10T10:51:39.218170","---"
"0","55","2016-10-10T10:51:41.450600","---"
"0","44","2016-10-10T10:51:43.682211","---"
"0","51","2016-10-10T10:51:45.890465","---"
"0","54","2016-10-10T10:51:47.000417","---"
"0","61","2016-10-10T10:51:49.218163","---"
"0","53","2016-10-10T10:51:50.328188","---"
"0","63","2016-10-10T10:51:51.438179","---"
"0","52","2016-10-10T10:51:52.559771","---"
"0","66","2016-10-10T10:51:53.668166","---"
"0","62","2016-10-10T10:51:54.778712","---"
"0","54","2016-10-10T10:51:55.889137","---"
"0","64","2016-10-10T10:51:58.112592","---"
"0","53","2016-10-10T10:52:00.328331","---"
"0","45","2016-10-10T10:52:02.548114","---"
"0","34","2016-10-10T10:52:03.668294","---"
"0","41","2016-10-10T10:52:04.778333","---"
"0","48","2016-10-10T10:52:05.889086","---"
"0","51","2016-10-10T10:52:08.108480","---"
"0","43","2016-10-10T10:52:09.218450","---"
"0","39","2016-10-10T10:52:10.328372","---"
"0","42","2016-10-10T10:52:11.438471","---"
"0","49","2016-10-10T10:52:12.548552","---"
"0","34","2016-10-10T10:52:13.658206","---"
"0","26","2016-10-10T10:52:14.779135","---"
"0","36","2016-10-10T10:52:15.888435","---"
"0","28","2016-10-10T10:52:18.108125","---"
"0","24","2016-10-10T10:52:19.218205","---"
"0","16","2016-10-10T10:52:20.328292","---"
"0","26","2016-10-10T10:52:21.438636","---"
"0","11","2016-10-10T10:52:24.768271","---"
"0","0","2016-10-10T10:52:25.889257","---"
"0","360","2016-10-10T10:52:26.998344","---"
"0","352","2016-10-10T10:52:34.768954","---"
"0","359","2016-10-10T10:52:38.113841","---"
"0","360","2016-10-10T10:52:39.219038","---"
"0","349","2016-10-10T10:52:45.878133","---"
"0","345","2016-10-10T10:52:46.988760","---"
"0","352","2016-10-10T10:52:48.108908","---"
"0","341","2016-10-10T10:52:49.218424","---"
"0","355","2016-10-10T10:52:50.329355","---"
"0","344","2016-10-10T10:52:52.548836","---"
"0","329","2016-10-10T10:52:53.658528","---"
"0","343","2016-10-10T10:52:55.878548","---"
"0","335","2016-10-10T10:52:58.098306","---"
"0","342","2016-10-10T10:52:59.218375","---"
"0","345","2016-10-10T10:53:01.447715","---"
"0","355","2016-10-10T10:53:02.548708","---"
"0","358","2016-10-10T10:53:04.768887","---"
"0","360","2016-10-10T10:53:05.878942","---"
"0","349","2016-10-10T10:53:13.658529","---"
"0","352","2016-10-10T10:53:14.768660","---"
"0","360","2016-10-10T10:53:15.878305","---"
"0","345","2016-10-10T10:53:21.444051","---"
"0","348","2016-10-10T10:53:23.658625","---"
"0","337","2016-10-10T10:53:28.100402","---"
"0","322","2016-10-10T10:53:29.210323","---"
"0","314","2016-10-10T10:53:30.320372","---"
"0","299","2016-10-10T10:53:36.988716","---"
"0","302","2016-10-10T10:53:40.318662","---"
"0","312","2016-10-10T10:53:41.428571","---"
"0","315","2016-10-10T10:53:42.538209","---"
"0","329","2016-10-10T10:53:43.658838","---"
"0","325","2016-10-10T10:53:47.002333","---"
"0","310","2016-10-10T10:53:49.216550","---"
"0","295","2016-10-10T10:53:50.323908","---"
"0","291","2016-10-10T10:53:51.432026","---"
"0","294","2016-10-10T10:53:54.771401","---"
"0","290","2016-10-10T10:53:55.883660","---"
"0","297","2016-10-10T10:53:56.988819","---"
"0","300","2016-10-10T10:53:58.099307","---"
"0","285","2016-10-10T10:53:59.208710","---"
"0","295","2016-10-10T10:54:00.318671","---"
"0","284","2016-10-10T10:54:01.429923","---"
"0","287","2016-10-10T10:54:02.540021","---"
"0","279","2016-10-10T10:54:03.649811","---"
"0","268","2016-10-10T10:54:04.758909","---"
"0","260","2016-10-10T10:54:05.878679","---"
"0","270","2016-10-10T10:54:08.099052","---"
"0","273","2016-10-10T10:54:09.208387","---"
"0","276","2016-10-10T10:54:10.318095","---"
"0","265","2016-10-10T10:54:11.428689","---"
"0","268","2016-10-10T10:54:13.649176","---"
"0","282","2016-10-10T10:54:14.759734","---"
"0","292","2016-10-10T10:54:15.868181","---"
"0","299","2016-10-10T10:54:16.988959","---"
"0","291","2016-10-10T10:54:18.098364","---"
"0","283","2016-10-10T10:54:19.208480","---"
"0","297","2016-10-10T10:54:20.318536","---"
"0","293","2016-10-10T10:54:21.428101","---"
"0","278","2016-10-10T10:54:22.548658","---"
"0","263","2016-10-10T10:54:24.764058","---"
"0","277","2016-10-10T10:54:26.979224","---"
"0","280","2016-10-10T10:54:28.102404","---"
"0","294","2016-10-10T10:54:30.319635","---"
"0","297","2016-10-10T10:54:31.429543","---"
"0","289","2016-10-10T10:54:32.540408","---"
"0","292","2016-10-10T10:54:33.650504","---"
"0","299","2016-10-10T10:54:34.759944","---"
"0","309","2016-10-10T10:54:35.870093","---"
"0","305","2016-10-10T10:54:36.979899","---"
"0","319","2016-10-10T10:54:40.319510","---"
"0","329","2016-10-10T10:54:42.538441","---"
"0","318","2016-10-10T10:54:43.648509","---"
"0","314","2016-10-10T10:54:44.758499","---"
"0","317","2016-10-10T10:54:46.978183","---"
"0","313","2016-10-10T10:54:48.088803","---"
"0","305","2016-10-10T10:54:49.198589","---"
"0","315","2016-10-10T10:54:50.318439","---"
"0","300","2016-10-10T10:54:51.428586","---"
"0","303","2016-10-10T10:54:52.538653","---"
"0","288","2016-10-10T10:54:53.648862","---"
"0","273","2016-10-10T10:54:54.758422","---"
"0","287","2016-10-10T10:54:55.868688","---"
"0","276","2016-10-10T10:54:58.089430","---"
"0","265","2016-10-10T10:55:00.308684","---"
"0","257","2016-10-10T10:55:01.428106","---"
"0","242","2016-10-10T10:55:02.544885","---"
"0","227","2016-10-10T10:55:04.759111","---"
"0","219","2016-10-10T10:55:05.882192","---"
"0","233","2016-10-10T10:55:06.989696","---"
"0","218","2016-10-10T10:55:08.096461","---"
"0","203","2016-10-10T10:55:09.200963","---"
"0","213","2016-10-10T10:55:10.309171","---"
"0","220","2016-10-10T10:55:11.420164","---"
"0","209","2016-10-10T10:55:12.543617","---"
"0","201","2016-10-10T10:55:13.650892","---"
"0","215","2016-10-10T10:55:14.759031","---"
"0","229","2016-10-10T10:55:15.881367","---"
"0","214","2016-10-10T10:55:16.978966","---"
"0","206","2016-10-10T10:55:19.203390","---"
"0","191","2016-10-10T10:55:20.310920","---"
"0","198","2016-10-10T10:55:21.419267","---"
"0","212","2016-10-10T10:55:22.542379","---"
"0","208","2016-10-10T10:55:23.648312","---"
"0","211","2016-10-10T10:55:26.987678","---"
"0","203","2016-10-10T10:55:28.095821","---"
"0","199","2016-10-10T10:55:29.199972","---"
"0","191","2016-10-10T10:55:30.308217","---"
"0","205","2016-10-10T10:55:31.418104","---"
"0","190","2016-10-10T10:55:34.759717","---"
"0","182","2016-10-10T10:55:35.869290","---"
"0","167","2016-10-10T10:55:39.198289","---"
"0","170","2016-10-10T10:55:40.308163","---"
"0","184","2016-10-10T10:55:42.528092","---"
"0","176","2016-10-10T10:55:43.638782","---"
"0","183","2016-10-10T10:55:44.748942","---"
"0","175","2016-10-10T10:55:45.869106","---"
"0","160","2016-10-10T10:55:46.978563","---"
"0","145","2016-10-10T10:55:48.088261","---"
"0","130","2016-10-10T10:55:49.198269","---"
"0","140","2016-10-10T10:55:51.419303","---"
"0","132","2016-10-10T10:55:52.528568","---"
"0","142","2016-10-10T10:55:53.638811","---"
"0","152","2016-10-10T10:55:54.748353","---"
"0","144","2016-10-10T10:55:58.089667","---"
"0","151","2016-10-10T10:55:59.211455","---"
"0","161","2016-10-10T10:56:00.319297","---"
"0","157","2016-10-10T10:56:02.535210","---"
"0","164","2016-10-10T10:56:03.642822","---"
"0","178","2016-10-10T10:56:04.750693","---"
"0","188","2016-10-10T10:56:05.858447","---"
"0","202","2016-10-10T10:56:06.980992","---"
"0","187","2016-10-10T10:56:08.088119","---"
"0","172","2016-10-10T10:56:09.198490","---"
"0","175","2016-10-10T10:56:13.642170","---"
"0","189","2016-10-10T10:56:14.749497","---"
"0","174","2016-10-10T10:56:15.859393","---"
"0","163","2016-10-10T10:56:18.079551","---"
"0","166","2016-10-10T10:56:19.198643","---"
"0","173","2016-10-10T10:56:20.309621","---"
"0","158","2016-10-10T10:56:22.529579","---"
"0","143","2016-10-10T10:56:23.639806","---"
"0","128","2016-10-10T10:56:25.858851","---"
"0","138","2016-10-10T10:56:28.079548","---"
"0","123","2016-10-10T10:56:29.188584","---"
"0","112","2016-10-10T10:56:30.308908","---"
"0","101","2016-10-10T10:56:31.419241","---"
"0","86","2016-10-10T10:56:32.528701","---"
"0","71","2016-10-10T10:56:33.638181","---"
"0","81","2016-10-10T10:56:34.748458","---"
"0","91","2016-10-10T10:56:35.858903","---"
"0","105","2016-10-10T10:56:36.968101","---"
"0","112","2016-10-10T10:56:38.078763","---"
"0","122","2016-10-10T10:56:39.188253","---"
"0","129","2016-10-10T10:56:40.298192","---"
"0","114","2016-10-10T10:56:43.638830","---"
"0","121","2016-10-10T10:56:44.748698","---"
"0","106","2016-10-10T10:56:45.858995","---"
"0","98","2016-10-10T10:56:46.968546","---"
"0","83","2016-10-10T10:56:48.078747","---"
"0","75","2016-10-10T10:56:49.188252","---"
"0","64","2016-10-10T10:56:50.298758","---"
"0","56","2016-10-10T10:56:51.408687","---"
"0","41","2016-10-10T10:56:53.638941","---"
"0","30","2016-10-10T10:56:55.859281","---"
"0","26","2016-10-10T10:56:56.968522","---"
"0","29","2016-10-10T10:56:58.078645","---"
"0","32","2016-10-10T10:57:01.408752","---"
"0","39","2016-10-10T10:57:02.518440","---"
"0","49","2016-10-10T10:57:03.638208","---"
"0","38","2016-10-10T10:57:04.748871","---"
"0","30","2016-10-10T10:57:05.859309","---"
"0","19","2016-10-10T10:57:06.969207","---"
"0","8","2016-10-10T10:57:08.078617","---"
"0","360","2016-10-10T10:57:09.188232","---"
"0","345","2016-10-10T10:57:10.298083","---"
"0","348","2016-10-10T10:57:11.408716","---"
"0","358","2016-10-10T10:57:12.518061","---"
"0","343","2016-10-10T10:57:13.628155","---"
"0","353","2016-10-10T10:57:14.748689","---"
"0","349","2016-10-10T10:57:16.968591","---"
"0","356","2016-10-10T10:57:18.079343","---"
"0","341","2016-10-10T10:57:19.188092","---"
"0","344","2016-10-10T10:57:20.298171","---"
"0","336","2016-10-10T10:57:21.408321","---"
"0","328","2016-10-10T10:57:22.518248","---"
"0","320","2016-10-10T10:57:24.738067","---"
"0","330","2016-10-10T10:57:25.859009","---"
"0","143","2016-10-10T10:58:17.321747","---"
"0","143","2016-10-10T10:58:17.321747","---"
"0","157","2016-10-10T10:58:18.431832","---"
"0","142","2016-10-10T10:58:22.872469","---"
"0","127","2016-10-10T10:58:23.982558","---"
"0","112","2016-10-10T10:58:26.201775","---"
"0","122","2016-10-10T10:58:27.321909","---"
"0","118","2016-10-10T10:58:28.431796","---"
"0","132","2016-10-10T10:58:29.542265","---"
"0","146","2016-10-10T10:58:30.652210","---"
"0","153","2016-10-10T10:58:31.762338","---"
"0","142","2016-10-10T10:58:32.872481","---"
"0","138","2016-10-10T10:58:33.982487","---"
"0","152","2016-10-10T10:58:35.092196","---"
"0","159","2016-10-10T10:58:37.311944","---"
"0","173","2016-10-10T10:58:38.431993","---"
"0","169","2016-10-10T10:58:39.542496","---"
"0","179","2016-10-10T10:58:40.652625","---"
"0","189","2016-10-10T10:58:42.872534","---"
"0","181","2016-10-10T10:58:43.982471","---"
"0","173","2016-10-10T10:58:45.092500","---"
"0","165","2016-10-10T10:58:46.201746","---"
"0","150","2016-10-10T10:58:47.311852","---"
"0","164","2016-10-10T10:58:49.542545","---"
"0","160","2016-10-10T10:58:50.652700","---"
"0","152","2016-10-10T10:58:51.762527","---"
"0","159","2016-10-10T10:58:53.980443","---"
"0","162","2016-10-10T10:58:55.089114","---"
"0","154","2016-10-10T10:58:56.195548","---"
"0","164","2016-10-10T10:58:58.412147","---"
"0","156","2016-10-10T10:58:59.535019","---"
"0","170","2016-10-10T10:59:00.641893","---"
"0","159","2016-10-10T10:59:02.862175","---"
"0","166","2016-10-10T10:59:03.972982","---"
"0","169","2016-10-10T10:59:06.192043","---"
"0","183","2016-10-10T10:59:07.302036","---"
"0","186","2016-10-10T10:59:08.412959","---"
"0","189","2016-10-10T10:59:09.522294","---"
"0","199","2016-10-10T10:59:10.632466","---"
"0","206","2016-10-10T10:59:11.751974","---"
"0","191","2016-10-10T10:59:15.082072","---"
"0","176","2016-10-10T10:59:16.192527","---"
"0","168","2016-10-10T10:59:17.302423","---"
"0","160","2016-10-10T10:59:18.411924","---"
"0","156","2016-10-10T10:59:19.521941","---"
"0","159","2016-10-10T10:59:21.742150","---"
"0","169","2016-10-10T10:59:22.862114","---"
"0","154","2016-10-10T10:59:23.972284","---"
"0","164","2016-10-10T10:59:25.082315","---"
"0","153","2016-10-10T10:59:27.302118","---"
"0","149","2016-10-10T10:59:29.521879","---"
"0","159","2016-10-10T10:59:30.631935","---"
"0","155","2016-10-10T10:59:31.742076","---"
"0","165","2016-10-10T10:59:32.852181","---"
"0","168","2016-10-10T10:59:35.081930","---"
"0","153","2016-10-10T10:59:36.192038","---"
"0","142","2016-10-10T10:59:37.301840","---"
"0","156","2016-10-10T10:59:38.412558","---"
"0","152","2016-10-10T10:59:41.742235","---"
"0","144","2016-10-10T10:59:43.972487","---"
"0","133","2016-10-10T10:59:45.082173","---"
"0","118","2016-10-10T10:59:46.202602","---"
"0","114","2016-10-10T10:59:48.418281","---"
"0","106","2016-10-10T10:59:49.525343","---"
"0","116","2016-10-10T10:59:50.633556","---"
"0","112","2016-10-10T10:59:51.758141","---"
"0","97","2016-10-10T10:59:52.847614","---"
"0","89","2016-10-10T10:59:53.953616","---"
"0","92","2016-10-10T10:59:55.062344","---"
"0","99","2016-10-10T10:59:56.183207","---"
"0","102","2016-10-10T10:59:57.292011","---"
"0","98","2016-10-10T10:59:58.402001","---"
"0","112","2016-10-10T10:59:59.512847","---"
"0","101","2016-10-10T11:00:00.622029","---"
"0","86","2016-10-10T11:00:01.732514","---"
"0","96","2016-10-10T11:00:03.952545","---"
"0","99","2016-10-10T11:00:05.062205","---"
"0","113","2016-10-10T11:00:06.172281","---"
"0","109","2016-10-10T11:00:08.402569","---"
"0","98","2016-10-10T11:00:09.512213","---"
"0","94","2016-10-10T11:00:12.842932","---"
"0","97","2016-10-10T11:00:15.061956","---"
"0","111","2016-10-10T11:00:16.171859","---"
"0","125","2016-10-10T11:00:17.281858","---"
"0","121","2016-10-10T11:00:18.402221","---"
"0","135","2016-10-10T11:00:19.512565","---"
"0","142","2016-10-10T11:00:20.622230","---"
"0","134","2016-10-10T11:00:21.731927","---"
"0","119","2016-10-10T11:00:23.959769","---"
"0","111","2016-10-10T11:00:25.062911","---"
"0","125","2016-10-10T11:00:27.282674","---"
"0","121","2016-10-10T11:00:28.391781","---"
"0","135","2016-10-10T11:00:29.512192","---"
"0","124","2016-10-10T11:00:30.622054","---"
"0","113","2016-10-10T11:00:31.731821","---"
"0","116","2016-10-10T11:00:32.842088","---"
"0","108","2016-10-10T11:00:33.952548","---"
"0","97","2016-10-10T11:00:35.062214","---"
"0","111","2016-10-10T11:00:36.171737","---"
"0","114","2016-10-10T11:00:37.281872","---"
"0","124","2016-10-10T11:00:38.391992","---"
"0","127","2016-10-10T11:00:39.502556","---"
"0","141","2016-10-10T11:00:40.622425","---"
"0","133","2016-10-10T11:00:42.842048","---"
"0","136","2016-10-10T11:00:43.952037","---"
"0","143","2016-10-10T11:00:46.171858","---"
"0","135","2016-10-10T11:00:47.281829","---"
"0","120","2016-10-10T11:00:48.391977","---"
"0","127","2016-10-10T11:00:50.621281","---"
"0","137","2016-10-10T11:00:51.732117","---"
"0","126","2016-10-10T11:00:52.851501","---"
"0","111","2016-10-10T11:00:53.958978","---"
"0","96","2016-10-10T11:00:55.066464","---"
"0","103","2016-10-10T11:00:56.172355","---"
"0","92","2016-10-10T11:00:57.282322","---"
"0","102","2016-10-10T11:00:58.391842","---"
"0","112","2016-10-10T11:00:59.501879","---"
"0","101","2016-10-10T11:01:00.612002","---"
"0","115","2016-10-10T11:01:01.721808","---"
"0","107","2016-10-10T11:01:02.842050","---"
"0","99","2016-10-10T11:01:05.062378","---"
"0","95","2016-10-10T11:01:06.172059","---"
"0","98","2016-10-10T11:01:08.392185","---"
"0","108","2016-10-10T11:01:09.502162","---"
"0","115","2016-10-10T11:01:10.611798","---"
"0","129","2016-10-10T11:01:11.722187","---"
"0","143","2016-10-10T11:01:12.831971","---"
"0","128","2016-10-10T11:01:13.952122","---"
"0","142","2016-10-10T11:01:15.062450","---"
"0","134","2016-10-10T11:01:16.172065","---"
"0","130","2016-10-10T11:01:18.392211","---"
"0","137","2016-10-10T11:01:19.502187","---"
"0","129","2016-10-10T11:01:22.832029","---"
"0","118","2016-10-10T11:01:23.942070","---"
