"0","[144,146,148]","2016-10-10T09:53:58.990902","---"
"0","[145,147,149]","2016-10-10T09:54:00.100786","---"
"0","[146,148,150]","2016-10-10T09:54:01.211222","---"
"0","[147,149,151]","2016-10-10T09:54:02.333970","---"
"0","[151,153,155]","2016-10-10T09:54:06.762946","---"
"0","[151,153,155]","2016-10-10T09:54:06.762946","---"
"0","[152,154,156]","2016-10-10T09:54:07.871727","---"
"0","[153,155,157]","2016-10-10T09:54:08.998437","---"
"0","[154,156,158]","2016-10-10T09:54:10.101647","---"
"0","[155,157,159]","2016-10-10T09:54:11.225372","---"
"0","[156,158,160]","2016-10-10T09:54:12.332743","---"
"0","[157,159,161]","2016-10-10T09:54:13.440796","---"
"0","[158,160,162]","2016-10-10T09:54:14.548135","---"
"0","[159,161,163]","2016-10-10T09:54:15.655990","---"
"0","[160,162,164]","2016-10-10T09:54:16.761558","---"
"0","[161,163,165]","2016-10-10T09:54:17.873810","---"
"0","[162,164,166]","2016-10-10T09:54:18.981352","---"
"0","[163,165,167]","2016-10-10T09:54:20.090857","---"
"0","[164,166,168]","2016-10-10T09:54:21.211376","---"
"0","[165,167,169]","2016-10-10T09:54:22.320894","---"
"0","[166,168,170]","2016-10-10T09:54:23.431369","---"
"0","[167,169,171]","2016-10-10T09:54:24.541296","---"
"0","[168,170,172]","2016-10-10T09:54:25.651272","---"
"0","[169,171,173]","2016-10-10T09:54:26.761025","---"
"0","[170,172,174]","2016-10-10T09:54:27.871182","---"
"0","[171,173,175]","2016-10-10T09:54:28.981230","---"
"0","[172,174,176]","2016-10-10T09:54:30.091243","---"
"0","[173,175,177]","2016-10-10T09:54:31.200577","---"
"0","[174,176,178]","2016-10-10T09:54:32.320858","---"
"0","[175,177,179]","2016-10-10T09:54:33.430524","---"
"0","[176,178,180]","2016-10-10T09:54:34.541713","---"
"0","[177,179,181]","2016-10-10T09:54:35.650817","---"
"0","[178,180,182]","2016-10-10T09:54:36.760619","---"
"0","[179,181,183]","2016-10-10T09:54:37.870758","---"
"0","[180,182,184]","2016-10-10T09:54:38.981205","---"
"0","[181,183,185]","2016-10-10T09:54:40.090634","---"
"0","[182,184,186]","2016-10-10T09:54:41.201048","---"
"0","[183,185,187]","2016-10-10T09:54:42.311660","---"
"0","[184,186,188]","2016-10-10T09:54:43.430908","---"
"0","[185,187,189]","2016-10-10T09:54:44.540985","---"
"0","[186,188,190]","2016-10-10T09:54:45.650726","---"
"0","[187,189,191]","2016-10-10T09:54:46.761411","---"
"0","[188,190,192]","2016-10-10T09:54:47.871464","---"
"0","[189,191,193]","2016-10-10T09:54:48.981009","---"
"0","[190,192,194]","2016-10-10T09:54:50.091497","---"
"0","[191,193,195]","2016-10-10T09:54:51.201544","---"
"0","[192,194,196]","2016-10-10T09:54:52.311857","---"
"0","[193,195,197]","2016-10-10T09:54:53.421586","---"
"0","[194,196,198]","2016-10-10T09:54:54.541316","---"
"0","[195,197,199]","2016-10-10T09:54:55.651506","---"
"0","[196,198,200]","2016-10-10T09:54:56.761357","---"
"0","[197,199,201]","2016-10-10T09:54:57.871531","---"
"0","[198,200,202]","2016-10-10T09:54:58.980961","---"
"0","[199,201,203]","2016-10-10T09:55:00.092213","---"
"0","[200,202,204]","2016-10-10T09:55:01.200956","---"
"0","[201,203,205]","2016-10-10T09:55:02.312208","---"
"0","[202,204,206]","2016-10-10T09:55:03.421083","---"
"0","[203,205,207]","2016-10-10T09:55:04.532146","---"
"0","[204,206,208]","2016-10-10T09:55:05.651512","---"
"0","[205,207,209]","2016-10-10T09:55:06.761561","---"
"0","[206,208,210]","2016-10-10T09:55:07.871494","---"
"0","[207,209,211]","2016-10-10T09:55:08.981769","---"
"0","[208,210,212]","2016-10-10T09:55:10.092150","---"
"0","[209,211,213]","2016-10-10T09:55:11.202119","---"
"0","[210,212,214]","2016-10-10T09:55:12.310646","---"
"0","[211,213,215]","2016-10-10T09:55:13.421515","---"
"0","[212,214,216]","2016-10-10T09:55:14.531523","---"
"0","[213,215,217]","2016-10-10T09:55:15.641986","---"
"0","[214,216,218]","2016-10-10T09:55:16.761451","---"
"0","[215,217,219]","2016-10-10T09:55:17.870442","---"
"0","[216,218,220]","2016-10-10T09:55:18.980437","---"
"0","[217,219,221]","2016-10-10T09:55:20.092621","---"
"0","[218,220,222]","2016-10-10T09:55:21.200402","---"
"0","[219,221,223]","2016-10-10T09:55:22.311527","---"
"0","[220,222,224]","2016-10-10T09:55:23.421987","---"
"0","[221,223,225]","2016-10-10T09:55:24.531392","---"
"0","[222,224,226]","2016-10-10T09:55:25.641966","---"
"0","[223,225,227]","2016-10-10T09:55:26.751030","---"
"0","[224,226,228]","2016-10-10T09:55:27.871901","---"
"0","[225,227,229]","2016-10-10T09:55:28.981995","---"
"0","[226,228,230]","2016-10-10T09:55:30.091500","---"
"0","[227,229,231]","2016-10-10T09:55:31.201332","---"
"0","[228,230,232]","2016-10-10T09:55:32.311906","---"
"0","[229,231,233]","2016-10-10T09:55:33.421844","---"
"0","[230,232,234]","2016-10-10T09:55:34.531624","---"
"0","[231,233,235]","2016-10-10T09:55:35.640824","---"
"0","[232,234,236]","2016-10-10T09:55:36.751503","---"
"0","[233,235,237]","2016-10-10T09:55:37.865368","---"
"0","[234,236,238]","2016-10-10T09:55:38.987728","---"
"0","[235,237,239]","2016-10-10T09:55:40.095470","---"
"0","[236,238,240]","2016-10-10T09:55:41.201813","---"
"0","[237,239,241]","2016-10-10T09:55:42.312183","---"
"0","[238,240,242]","2016-10-10T09:55:43.422035","---"
"0","[239,241,243]","2016-10-10T09:55:44.531471","---"
"0","[240,242,244]","2016-10-10T09:55:45.641637","---"
"0","[241,243,245]","2016-10-10T09:55:46.751997","---"
"0","[242,244,246]","2016-10-10T09:55:47.861787","---"
"0","[243,245,247]","2016-10-10T09:55:48.971231","---"
"0","[244,246,248]","2016-10-10T09:55:50.091885","---"
"0","[245,247,249]","2016-10-10T09:55:51.201916","---"
"0","[246,248,250]","2016-10-10T09:55:52.311899","---"
"0","[247,249,251]","2016-10-10T09:55:53.421946","---"
"0","[248,250,252]","2016-10-10T09:55:54.531865","---"
"0","[249,251,253]","2016-10-10T09:55:55.641880","---"
"0","[250,252,254]","2016-10-10T09:55:56.751585","---"
"0","[251,253,255]","2016-10-10T09:55:57.861533","---"
"0","[252,254,256]","2016-10-10T09:55:58.971845","---"
"0","[253,255,257]","2016-10-10T09:56:00.081807","---"
"0","[254,256,258]","2016-10-10T09:56:01.201772","---"
"0","[255,257,259]","2016-10-10T09:56:02.311763","---"
"0","[256,258,260]","2016-10-10T09:56:03.421154","---"
"0","[257,259,261]","2016-10-10T09:56:04.531749","---"
"0","[258,260,262]","2016-10-10T09:56:05.641182","---"
"0","[259,261,263]","2016-10-10T09:56:06.751916","---"
"0","[260,262,264]","2016-10-10T09:56:07.861699","---"
"0","[261,263,265]","2016-10-10T09:56:08.971924","---"
"0","[262,264,266]","2016-10-10T09:56:10.081834","---"
"0","[263,265,267]","2016-10-10T09:56:11.191487","---"
"0","[264,266,268]","2016-10-10T09:56:12.311367","---"
"0","[265,267,269]","2016-10-10T09:56:13.420978","---"
"0","[266,268,270]","2016-10-10T09:56:14.530711","---"
"0","[267,269,271]","2016-10-10T09:56:15.641075","---"
"0","[268,270,272]","2016-10-10T09:56:16.751254","---"
"0","[269,271,273]","2016-10-10T09:56:17.869004","---"
"0","[270,272,274]","2016-10-10T09:56:18.972100","---"
"0","[271,273,275]","2016-10-10T09:56:20.082370","---"
"0","[272,274,276]","2016-10-10T09:56:21.190823","---"
"0","[273,275,277]","2016-10-10T09:56:22.300611","---"
"0","[274,276,278]","2016-10-10T09:56:23.420598","---"
"0","[275,277,279]","2016-10-10T09:56:24.531259","---"
"0","[276,278,280]","2016-10-10T09:56:25.640649","---"
"0","[277,279,281]","2016-10-10T09:56:26.751347","---"
"0","[278,280,282]","2016-10-10T09:56:27.860868","---"
"0","[279,281,283]","2016-10-10T09:56:28.970767","---"
"0","[280,282,284]","2016-10-10T09:56:30.083810","---"
"0","[281,283,285]","2016-10-10T09:56:31.191485","---"
"0","[282,284,286]","2016-10-10T09:56:32.301488","---"
"0","[283,285,287]","2016-10-10T09:56:33.411237","---"
"0","[284,286,288]","2016-10-10T09:56:34.531539","---"
"0","[285,287,289]","2016-10-10T09:56:35.641001","---"
"0","[286,288,290]","2016-10-10T09:56:36.750987","---"
"0","[287,289,291]","2016-10-10T09:56:37.861239","---"
"0","[288,290,292]","2016-10-10T09:56:38.971122","---"
"0","[289,291,293]","2016-10-10T09:56:40.081555","---"
"0","[290,292,294]","2016-10-10T09:56:41.191633","---"
"0","[291,293,295]","2016-10-10T09:56:42.301916","---"
"0","[292,294,296]","2016-10-10T09:56:43.411364","---"
"0","[293,295,297]","2016-10-10T09:56:44.522592","---"
"0","[294,296,298]","2016-10-10T09:56:45.641506","---"
"0","[295,297,299]","2016-10-10T09:56:46.751428","---"
"0","[296,298,300]","2016-10-10T09:56:47.862455","---"
"0","[297,299,301]","2016-10-10T09:56:48.971858","---"
"0","[298,300,302]","2016-10-10T09:56:50.081776","---"
"0","[299,301,303]","2016-10-10T09:56:51.191178","---"
"0","[300,302,304]","2016-10-10T09:56:52.302744","---"
"0","[301,303,305]","2016-10-10T09:56:53.411176","---"
"0","[302,304,306]","2016-10-10T09:56:54.520618","---"
"0","[303,305,307]","2016-10-10T09:56:55.630711","---"
"0","[304,306,308]","2016-10-10T09:56:56.751357","---"
"0","[305,307,309]","2016-10-10T09:56:57.861307","---"
"0","[306,308,310]","2016-10-10T09:56:58.971452","---"
"0","[307,309,311]","2016-10-10T09:57:00.081460","---"
"0","[308,310,312]","2016-10-10T09:57:01.191175","---"
"0","[309,311,313]","2016-10-10T09:57:02.301475","---"
"0","[310,312,314]","2016-10-10T09:57:03.410882","---"
"0","[311,313,315]","2016-10-10T09:57:04.521065","---"
"0","[312,314,316]","2016-10-10T09:57:05.630946","---"
"0","[313,315,317]","2016-10-10T09:57:06.741597","---"
"0","[314,316,318]","2016-10-10T09:57:07.861266","---"
"0","[315,317,319]","2016-10-10T09:57:08.971715","---"
"0","[316,318,320]","2016-10-10T09:57:10.081684","---"
"0","[317,319,321]","2016-10-10T09:57:11.191729","---"
"0","[318,320,322]","2016-10-10T09:57:12.302057","---"
"0","[319,321,323]","2016-10-10T09:57:13.411988","---"
"0","[320,322,324]","2016-10-10T09:57:14.521176","---"
"0","[321,323,325]","2016-10-10T09:57:15.632017","---"
"0","[322,324,326]","2016-10-10T09:57:16.741925","---"
"0","[323,325,327]","2016-10-10T09:57:17.851044","---"
"0","[324,326,328]","2016-10-10T09:57:18.971382","---"
"0","[325,327,329]","2016-10-10T09:57:20.081417","---"
"0","[326,328,330]","2016-10-10T09:57:21.191430","---"
"0","[327,329,331]","2016-10-10T09:57:22.300708","---"
"0","[328,330,332]","2016-10-10T09:57:23.411272","---"
"0","[329,331,333]","2016-10-10T09:57:24.520736","---"
"0","[330,332,334]","2016-10-10T09:57:25.632319","---"
"0","[331,333,335]","2016-10-10T09:57:26.741006","---"
"0","[332,334,336]","2016-10-10T09:57:27.850618","---"
"0","[333,335,337]","2016-10-10T09:57:28.960609","---"
"0","[334,336,338]","2016-10-10T09:57:30.081250","---"
"0","[335,337,339]","2016-10-10T09:57:31.191236","---"
"0","[336,338,340]","2016-10-10T09:57:32.301316","---"
"0","[337,339,341]","2016-10-10T09:57:33.411208","---"
"0","[338,340,342]","2016-10-10T09:57:34.521209","---"
"0","[339,341,343]","2016-10-10T09:57:35.631151","---"
"0","[340,342,344]","2016-10-10T09:57:36.740536","---"
"0","[341,343,345]","2016-10-10T09:57:37.851064","---"
"0","[342,344,346]","2016-10-10T09:57:38.961103","---"
"0","[343,345,347]","2016-10-10T09:57:40.071125","---"
"0","[344,346,348]","2016-10-10T09:57:41.191096","---"
"0","[345,347,349]","2016-10-10T09:57:42.301055","---"
"0","[346,348,350]","2016-10-10T09:57:43.411043","---"
"0","[347,349,351]","2016-10-10T09:57:44.521028","---"
"0","[348,350,352]","2016-10-10T09:57:45.631955","---"
"0","[349,351,353]","2016-10-10T09:57:46.743175","---"
"0","[350,352,354]","2016-10-10T09:57:47.850793","---"
"0","[351,353,355]","2016-10-10T09:57:48.972920","---"
"0","[352,354,356]","2016-10-10T09:57:50.081287","---"
"0","[353,355,357]","2016-10-10T09:57:51.188045","---"
"0","[354,356,358]","2016-10-10T09:57:52.311746","---"
"0","[355,357,359]","2016-10-10T09:57:53.411681","---"
"0","[356,358,360]","2016-10-10T09:57:54.521655","---"
"0","[357,359,361]","2016-10-10T09:57:55.630705","---"
"0","[358,360,362]","2016-10-10T09:57:56.740406","---"
"0","[359,361,363]","2016-10-10T09:57:57.850386","---"
"0","[360,362,364]","2016-10-10T09:57:58.961085","---"
"0","[361,363,365]","2016-10-10T09:58:00.070606","---"
"0","[362,364,366]","2016-10-10T09:58:01.180503","---"
"0","[363,365,367]","2016-10-10T09:58:02.291190","---"
"0","[364,366,368]","2016-10-10T09:58:03.410887","---"
"0","[365,367,369]","2016-10-10T09:58:04.520610","---"
"0","[366,368,370]","2016-10-10T09:58:05.631293","---"
"0","[367,369,371]","2016-10-10T09:58:06.741341","---"
"0","[368,370,372]","2016-10-10T09:58:07.851252","---"
"0","[369,371,373]","2016-10-10T09:58:08.960747","---"
"0","[370,372,374]","2016-10-10T09:58:10.070777","---"
"0","[371,373,375]","2016-10-10T09:58:11.181352","---"
"0","[372,374,376]","2016-10-10T09:58:12.290950","---"
"0","[373,375,377]","2016-10-10T09:58:13.400832","---"
"0","[374,376,378]","2016-10-10T09:58:14.520577","---"
"0","[375,377,379]","2016-10-10T09:58:15.630601","---"
"0","[376,378,380]","2016-10-10T09:58:16.740805","---"
"0","[377,379,381]","2016-10-10T09:58:17.850844","---"
"0","[378,380,382]","2016-10-10T09:58:18.960832","---"
"0","[379,381,383]","2016-10-10T09:58:20.071011","---"
"0","[380,382,384]","2016-10-10T09:58:21.181019","---"
"0","[381,383,385]","2016-10-10T09:58:22.290687","---"
"0","[382,384,386]","2016-10-10T09:58:23.400594","---"
"0","[383,385,387]","2016-10-10T09:58:24.510656","---"
"0","[384,386,388]","2016-10-10T09:58:25.631320","---"
"0","[385,387,389]","2016-10-10T09:58:26.740769","---"
"0","[386,388,390]","2016-10-10T09:58:27.859887","---"
"0","[387,389,391]","2016-10-10T09:58:28.964213","---"
"0","[388,390,392]","2016-10-10T09:58:30.071818","---"
"0","[389,391,393]","2016-10-10T09:58:31.182486","---"
"0","[390,392,394]","2016-10-10T09:58:32.295043","---"
"0","[391,393,395]","2016-10-10T09:58:33.410227","---"
"0","[392,394,396]","2016-10-10T09:58:34.510530","---"
"0","[393,395,397]","2016-10-10T09:58:35.621073","---"
"0","[394,396,398]","2016-10-10T09:58:36.748502","---"
"0","[395,397,399]","2016-10-10T09:58:37.851549","---"
"0","[396,398,400]","2016-10-10T09:58:38.961458","---"
"0","[397,399,401]","2016-10-10T09:58:40.071804","---"
"0","[398,400,402]","2016-10-10T09:58:41.181476","---"
"0","[399,401,403]","2016-10-10T09:58:42.291707","---"
"0","[400,402,404]","2016-10-10T09:58:43.400938","---"
"0","[401,403,405]","2016-10-10T09:58:44.511805","---"
"0","[402,404,406]","2016-10-10T09:58:45.621553","---"
"0","[403,405,407]","2016-10-10T09:58:46.731868","---"
"0","[404,406,408]","2016-10-10T09:58:47.851220","---"
"0","[405,407,409]","2016-10-10T09:58:48.961272","---"
"0","[406,408,410]","2016-10-10T09:58:50.070460","---"
"0","[407,409,411]","2016-10-10T09:58:51.181348","---"
"0","[408,410,412]","2016-10-10T09:58:52.291068","---"
"0","[409,411,413]","2016-10-10T09:58:53.401006","---"
"0","[410,412,414]","2016-10-10T09:58:54.511397","---"
"0","[411,413,415]","2016-10-10T09:58:55.621062","---"
"0","[412,414,416]","2016-10-10T09:58:56.731187","---"
"0","[413,415,417]","2016-10-10T09:58:57.840690","---"
"0","[414,416,418]","2016-10-10T09:58:58.960953","---"
"0","[415,417,419]","2016-10-10T09:59:00.070734","---"
"0","[416,418,420]","2016-10-10T09:59:01.181258","---"
"0","[417,419,421]","2016-10-10T09:59:02.290973","---"
"0","[418,420,422]","2016-10-10T09:59:03.401293","---"
"0","[419,421,423]","2016-10-10T09:59:04.513840","---"
"0","[420,422,424]","2016-10-10T09:59:05.622013","---"
"0","[421,423,425]","2016-10-10T09:59:06.732204","---"
"0","[422,424,426]","2016-10-10T09:59:07.841959","---"
"0","[423,425,427]","2016-10-10T09:59:08.951499","---"
"0","[424,426,428]","2016-10-10T09:59:10.071593","---"
"0","[425,427,429]","2016-10-10T09:59:11.181931","---"
"0","[426,428,430]","2016-10-10T09:59:12.291931","---"
"0","[427,429,431]","2016-10-10T09:59:13.400975","---"
"0","[428,430,432]","2016-10-10T09:59:14.511030","---"
"0","[429,431,433]","2016-10-10T09:59:15.621037","---"
"0","[430,432,434]","2016-10-10T09:59:16.731062","---"
"0","[431,433,435]","2016-10-10T09:59:17.840670","---"
"0","[432,434,436]","2016-10-10T09:59:18.950562","---"
"0","[433,435,437]","2016-10-10T09:59:20.060609","---"
"0","[434,436,438]","2016-10-10T09:59:21.181148","---"
"0","[435,437,439]","2016-10-10T09:59:22.291218","---"
"0","[436,438,440]","2016-10-10T09:59:23.400998","---"
"0","[437,439,441]","2016-10-10T09:59:24.511206","---"
"0","[438,440,442]","2016-10-10T09:59:25.621305","---"
"0","[439,441,443]","2016-10-10T09:59:26.730841","---"
"0","[440,442,444]","2016-10-10T09:59:27.840904","---"
"0","[441,443,445]","2016-10-10T09:59:28.951121","---"
"0","[442,444,446]","2016-10-10T09:59:30.061190","---"
"0","[443,445,447]","2016-10-10T09:59:31.170740","---"
"0","[444,446,448]","2016-10-10T09:59:32.290828","---"
"0","[445,447,449]","2016-10-10T09:59:33.400995","---"
"0","[446,448,450]","2016-10-10T09:59:34.511172","---"
"0","[447,449,451]","2016-10-10T09:59:35.621232","---"
"0","[448,450,452]","2016-10-10T09:59:36.731589","---"
"0","[449,451,453]","2016-10-10T09:59:37.840574","---"
"0","[450,452,454]","2016-10-10T09:59:38.951146","---"
"0","[451,453,455]","2016-10-10T09:59:40.060887","---"
"0","[452,454,456]","2016-10-10T09:59:41.170708","---"
"0","[453,455,457]","2016-10-10T09:59:42.280791","---"
"0","[454,456,458]","2016-10-10T09:59:43.400895","---"
"0","[455,457,459]","2016-10-10T09:59:44.511181","---"
"0","[456,458,460]","2016-10-10T09:59:45.621261","---"
"0","[457,459,461]","2016-10-10T09:59:46.730428","---"
"0","[458,460,462]","2016-10-10T09:59:47.840849","---"
"0","[459,461,463]","2016-10-10T09:59:48.950782","---"
"0","[460,462,464]","2016-10-10T09:59:50.060745","---"
"0","[461,463,465]","2016-10-10T09:59:51.170476","---"
"0","[462,464,466]","2016-10-10T09:59:52.280809","---"
"0","[463,465,467]","2016-10-10T09:59:53.390568","---"
"0","[464,466,468]","2016-10-10T09:59:54.511125","---"
"0","[465,467,469]","2016-10-10T09:59:55.621153","---"
"0","[466,468,470]","2016-10-10T09:59:56.730736","---"
"0","[467,469,471]","2016-10-10T09:59:57.841518","---"
"0","[468,470,472]","2016-10-10T09:59:58.950946","---"
"0","[469,471,473]","2016-10-10T10:00:00.061028","---"
"0","[470,472,474]","2016-10-10T10:00:01.171730","---"
"0","[471,473,475]","2016-10-10T10:00:02.280778","---"
"0","[472,474,476]","2016-10-10T10:00:03.390924","---"
"0","[473,475,477]","2016-10-10T10:00:04.500978","---"
"0","[474,476,478]","2016-10-10T10:00:05.621856","---"
"0","[475,477,479]","2016-10-10T10:00:06.730873","---"
"0","[476,478,480]","2016-10-10T10:00:07.841914","---"
"0","[477,479,481]","2016-10-10T10:00:08.952109","---"
"0","[478,480,482]","2016-10-10T10:00:10.060932","---"
"0","[479,481,483]","2016-10-10T10:00:11.171011","---"
"0","[480,482,484]","2016-10-10T10:00:12.281056","---"
"0","[481,483,485]","2016-10-10T10:00:13.391062","---"
"0","[482,484,486]","2016-10-10T10:00:14.501101","---"
"0","[483,485,487]","2016-10-10T10:00:15.611251","---"
"0","[484,486,488]","2016-10-10T10:00:16.731175","---"
"0","[485,487,489]","2016-10-10T10:00:17.841760","---"
"0","[486,488,490]","2016-10-10T10:00:18.954306","---"
"0","[487,489,491]","2016-10-10T10:00:20.066648","---"
"0","[488,490,492]","2016-10-10T10:00:21.174792","---"
"0","[489,491,493]","2016-10-10T10:00:22.282248","---"
"0","[490,492,494]","2016-10-10T10:00:23.391837","---"
"0","[491,493,495]","2016-10-10T10:00:24.501830","---"
"0","[492,494,496]","2016-10-10T10:00:25.611897","---"
"0","[493,495,497]","2016-10-10T10:00:26.722046","---"
"0","[494,496,498]","2016-10-10T10:00:27.841593","---"
"0","[495,497,499]","2016-10-10T10:00:28.951786","---"
"0","[496,498,500]","2016-10-10T10:00:30.061730","---"
"0","[497,499,501]","2016-10-10T10:00:31.170938","---"
"0","[498,500,502]","2016-10-10T10:00:32.281280","---"
"0","[499,501,503]","2016-10-10T10:00:33.391315","---"
"0","[500,502,504]","2016-10-10T10:00:34.500454","---"
"0","[501,503,505]","2016-10-10T10:00:35.610746","---"
"0","[502,504,506]","2016-10-10T10:00:36.721039","---"
"0","[503,505,507]","2016-10-10T10:00:37.831544","---"
"0","[504,506,508]","2016-10-10T10:00:38.951810","---"
"0","[505,507,509]","2016-10-10T10:00:40.061073","---"
"0","[506,508,510]","2016-10-10T10:00:41.171199","---"
"0","[507,509,511]","2016-10-10T10:00:42.280774","---"
"0","[508,510,512]","2016-10-10T10:00:43.390596","---"
"0","[509,511,513]","2016-10-10T10:00:44.500721","---"
"0","[510,512,514]","2016-10-10T10:00:45.611323","---"
"0","[511,513,515]","2016-10-10T10:00:46.721338","---"
"0","[512,514,516]","2016-10-10T10:00:47.831323","---"
"0","[513,515,517]","2016-10-10T10:00:48.940829","---"
"0","[514,516,518]","2016-10-10T10:00:50.060813","---"
"0","[515,517,519]","2016-10-10T10:00:51.171060","---"
"0","[516,518,520]","2016-10-10T10:00:52.280798","---"
"0","[517,519,521]","2016-10-10T10:00:53.391250","---"
"0","[518,520,522]","2016-10-10T10:00:54.500766","---"
"0","[519,521,523]","2016-10-10T10:00:55.610917","---"
"0","[520,522,524]","2016-10-10T10:00:56.721026","---"
"0","[521,523,525]","2016-10-10T10:00:57.831173","---"
"0","[522,524,526]","2016-10-10T10:00:58.940845","---"
"0","[523,525,527]","2016-10-10T10:01:00.050846","---"
"0","[524,526,528]","2016-10-10T10:01:01.170637","---"
"0","[525,527,529]","2016-10-10T10:01:02.280517","---"
"0","[526,528,530]","2016-10-10T10:01:03.390484","---"
"0","[527,529,531]","2016-10-10T10:01:04.500698","---"
"0","[528,530,532]","2016-10-10T10:01:05.610905","---"
"0","[529,531,533]","2016-10-10T10:01:06.720957","---"
"0","[530,532,534]","2016-10-10T10:01:07.830999","---"
"0","[531,533,535]","2016-10-10T10:01:08.941235","---"
"0","[532,534,536]","2016-10-10T10:01:10.050981","---"
"0","[533,535,537]","2016-10-10T10:01:11.160827","---"
"0","[534,536,538]","2016-10-10T10:01:12.280736","---"
"0","[535,537,539]","2016-10-10T10:01:13.391140","---"
"0","[536,538,540]","2016-10-10T10:01:14.513450","---"
"0","[537,539,541]","2016-10-10T10:01:15.612310","---"
"0","[538,540,542]","2016-10-10T10:01:16.722635","---"
"0","[539,541,543]","2016-10-10T10:01:17.832652","---"
"0","[540,542,544]","2016-10-10T10:01:18.942574","---"
"0","[541,543,545]","2016-10-10T10:01:20.052720","---"
"0","[542,544,546]","2016-10-10T10:01:21.162233","---"
"0","[543,545,547]","2016-10-10T10:01:22.270897","---"
"0","[544,546,548]","2016-10-10T10:01:23.390615","---"
"0","[545,547,549]","2016-10-10T10:01:24.500889","---"
"0","[546,548,550]","2016-10-10T10:01:25.611232","---"
"0","[547,549,551]","2016-10-10T10:01:26.721205","---"
"0","[548,550,552]","2016-10-10T10:01:27.831774","---"
"0","[549,551,553]","2016-10-10T10:01:28.941762","---"
"0","[550,552,554]","2016-10-10T10:01:30.051792","---"
"0","[551,553,555]","2016-10-10T10:01:31.161410","---"
"0","[552,554,556]","2016-10-10T10:01:32.270543","---"
"0","[553,555,557]","2016-10-10T10:01:33.381576","---"
"0","[554,556,558]","2016-10-10T10:01:34.501572","---"
"0","[555,557,559]","2016-10-10T10:01:35.611626","---"
"0","[556,558,560]","2016-10-10T10:01:36.720652","---"
"0","[557,559,561]","2016-10-10T10:01:37.830686","---"
"0","[558,560,562]","2016-10-10T10:01:38.941592","---"
"0","[559,561,563]","2016-10-10T10:01:40.051388","---"
"0","[560,562,564]","2016-10-10T10:01:41.160919","---"
"0","[561,563,565]","2016-10-10T10:01:42.270746","---"
"0","[562,564,566]","2016-10-10T10:01:43.380871","---"
"0","[563,565,567]","2016-10-10T10:01:44.490931","---"
"0","[564,566,568]","2016-10-10T10:01:45.610502","---"
"0","[565,567,569]","2016-10-10T10:01:46.721085","---"
"0","[566,568,570]","2016-10-10T10:01:47.830801","---"
"0","[567,569,571]","2016-10-10T10:01:48.940767","---"
"0","[568,570,572]","2016-10-10T10:01:50.050755","---"
"0","[569,571,573]","2016-10-10T10:01:51.160528","---"
"0","[570,572,574]","2016-10-10T10:01:52.270683","---"
"0","[571,573,575]","2016-10-10T10:01:53.380705","---"
"0","[572,574,576]","2016-10-10T10:01:54.491329","---"
"0","[573,575,577]","2016-10-10T10:01:55.600809","---"
"0","[574,576,578]","2016-10-10T10:01:56.720581","---"
"0","[575,577,579]","2016-10-10T10:01:57.834042","---"
"0","[576,578,580]","2016-10-10T10:01:58.941816","---"
"0","[577,579,581]","2016-10-10T10:02:00.064674","---"
"0","[578,580,582]","2016-10-10T10:02:01.168194","---"
"0","[579,581,583]","2016-10-10T10:02:02.277722","---"
"0","[580,582,584]","2016-10-10T10:02:03.388147","---"
"0","[581,583,585]","2016-10-10T10:02:04.497253","---"
"0","[582,584,586]","2016-10-10T10:02:05.603209","---"
"0","[583,585,587]","2016-10-10T10:02:06.710518","---"
"0","[584,586,588]","2016-10-10T10:02:07.834108","---"
"0","[585,587,589]","2016-10-10T10:02:08.946793","---"
"0","[586,588,590]","2016-10-10T10:02:10.064913","---"
"0","[587,589,591]","2016-10-10T10:02:11.161055","---"
"0","[588,590,592]","2016-10-10T10:02:12.272436","---"
"0","[589,591,593]","2016-10-10T10:02:13.382345","---"
"0","[4,6,8]","2016-10-10T10:29:38.071211","---"
"0","[5,7,9]","2016-10-10T10:29:39.183389","---"
"0","[6,8,10]","2016-10-10T10:29:40.290934","---"
"0","[7,9,11]","2016-10-10T10:29:41.400258","---"
"0","[8,10,12]","2016-10-10T10:29:42.510127","---"
"0","[9,11,13]","2016-10-10T10:29:43.619832","---"
"0","[10,12,14]","2016-10-10T10:29:44.729790","---"
"0","[11,13,15]","2016-10-10T10:29:45.840161","---"
"0","[12,14,16]","2016-10-10T10:29:46.950121","---"
"0","[13,15,17]","2016-10-10T10:29:48.070107","---"
"0","[14,16,18]","2016-10-10T10:29:49.179684","---"
"0","[15,17,19]","2016-10-10T10:29:50.289516","---"
"0","[16,18,20]","2016-10-10T10:29:51.399985","---"
"0","[17,19,21]","2016-10-10T10:29:52.509359","---"
"0","[18,20,22]","2016-10-10T10:29:53.620160","---"
"0","[19,21,23]","2016-10-10T10:29:54.729350","---"
"0","[20,22,24]","2016-10-10T10:29:55.839915","---"
"0","[21,23,25]","2016-10-10T10:29:56.950256","---"
"0","[22,24,26]","2016-10-10T10:29:58.059552","---"
"0","[23,25,27]","2016-10-10T10:29:59.179705","---"
"0","[24,26,28]","2016-10-10T10:30:00.289201","---"
"0","[25,27,29]","2016-10-10T10:30:01.399184","---"
"0","[26,28,30]","2016-10-10T10:30:02.509911","---"
"0","[27,29,31]","2016-10-10T10:30:03.620128","---"
"0","[28,30,32]","2016-10-10T10:30:04.730141","---"
"0","[29,31,33]","2016-10-10T10:30:05.839935","---"
"0","[30,32,34]","2016-10-10T10:30:06.940531","---"
"0","[31,33,35]","2016-10-10T10:30:08.051069","---"
"0","[32,34,36]","2016-10-10T10:30:09.170502","---"
"0","[33,35,37]","2016-10-10T10:30:10.293712","---"
"0","[34,36,38]","2016-10-10T10:30:11.386368","---"
"0","[35,37,39]","2016-10-10T10:30:12.494081","---"
"0","[36,38,40]","2016-10-10T10:30:13.600473","---"
"0","[37,39,41]","2016-10-10T10:30:14.709430","---"
"0","[38,40,42]","2016-10-10T10:30:15.819391","---"
"0","[39,41,43]","2016-10-10T10:30:16.929998","---"
"0","[40,42,44]","2016-10-10T10:30:18.040528","---"
"0","[41,43,45]","2016-10-10T10:30:19.150298","---"
"0","[42,44,46]","2016-10-10T10:30:20.260053","---"
"0","[43,45,47]","2016-10-10T10:30:21.380025","---"
"0","[44,46,48]","2016-10-10T10:30:22.489865","---"
"0","[45,47,49]","2016-10-10T10:30:23.600125","---"
"0","[46,48,50]","2016-10-10T10:30:24.709466","---"
"0","[47,49,51]","2016-10-10T10:30:25.820159","---"
"0","[48,50,52]","2016-10-10T10:30:26.929359","---"
"0","[49,51,53]","2016-10-10T10:30:28.039375","---"
"0","[50,52,54]","2016-10-10T10:30:29.154386","---"
"0","[51,53,55]","2016-10-10T10:30:30.261515","---"
"0","[52,54,56]","2016-10-10T10:30:31.369374","---"
"0","[53,55,57]","2016-10-10T10:30:32.489420","---"
"0","[1,3,5]","2016-10-10T10:31:01.480724","---"
"0","[26,28,30]","2016-10-10T10:31:29.226316","---"
"0","[27,29,31]","2016-10-10T10:31:30.336309","---"
"0","[28,30,32]","2016-10-10T10:31:31.446233","---"
"0","[29,31,33]","2016-10-10T10:31:32.556082","---"
"0","[30,32,34]","2016-10-10T10:31:33.666885","---"
"0","[31,33,35]","2016-10-10T10:31:34.776997","---"
"0","[32,34,36]","2016-10-10T10:31:35.886171","---"
"0","[33,35,37]","2016-10-10T10:31:36.996807","---"
"0","[1,3,5]","2016-10-10T10:34:24.928676","---"
"0","[2,4,6]","2016-10-10T10:34:26.028572","---"
"0","[3,5,7]","2016-10-10T10:34:27.138573","---"
"0","[4,6,8]","2016-10-10T10:34:28.258873","---"
"0","[5,7,9]","2016-10-10T10:34:29.358254","---"
"0","[6,8,10]","2016-10-10T10:34:30.468666","---"
"0","[7,9,11]","2016-10-10T10:34:31.578620","---"
"0","[8,10,12]","2016-10-10T10:34:32.688442","---"
"0","[9,11,13]","2016-10-10T10:34:33.798615","---"
"0","[10,12,14]","2016-10-10T10:34:34.908695","---"
"0","[11,13,15]","2016-10-10T10:34:36.018802","---"
"0","[12,14,16]","2016-10-10T10:34:37.128615","---"
"0","[13,15,17]","2016-10-10T10:34:38.238159","---"
"0","[14,16,18]","2016-10-10T10:34:39.358570","---"
"0","[15,17,19]","2016-10-10T10:34:40.468706","---"
"0","[16,18,20]","2016-10-10T10:34:41.578384","---"
"0","[17,19,21]","2016-10-10T10:34:42.688402","---"
"0","[18,20,22]","2016-10-10T10:34:43.798589","---"
"0","[19,21,23]","2016-10-10T10:34:44.908740","---"
"0","[20,22,24]","2016-10-10T10:34:46.018742","---"
"0","[21,23,25]","2016-10-10T10:34:47.128392","---"
"0","[22,24,26]","2016-10-10T10:34:48.238131","---"
"0","[23,25,27]","2016-10-10T10:34:49.348556","---"
"0","[24,26,28]","2016-10-10T10:34:50.468808","---"
"0","[25,27,29]","2016-10-10T10:34:51.578284","---"
"0","[26,28,30]","2016-10-10T10:34:52.688464","---"
"0","[27,29,31]","2016-10-10T10:34:53.798495","---"
"0","[28,30,32]","2016-10-10T10:34:54.908892","---"
"0","[29,31,33]","2016-10-10T10:34:56.018558","---"
"0","[30,32,34]","2016-10-10T10:34:57.128449","---"
"0","[31,33,35]","2016-10-10T10:34:58.238102","---"
"0","[32,34,36]","2016-10-10T10:34:59.348498","---"
"0","[33,35,37]","2016-10-10T10:35:00.458711","---"
"0","[34,36,38]","2016-10-10T10:35:01.578318","---"
"0","[35,37,39]","2016-10-10T10:35:02.688460","---"
"0","[36,38,40]","2016-10-10T10:35:03.798482","---"
"0","[37,39,41]","2016-10-10T10:35:04.908582","---"
"0","[38,40,42]","2016-10-10T10:35:06.018408","---"
"0","[39,41,43]","2016-10-10T10:35:07.128485","---"
"0","[40,42,44]","2016-10-10T10:35:08.238086","---"
"0","[41,43,45]","2016-10-10T10:35:09.348163","---"
"0","[42,44,46]","2016-10-10T10:35:10.458278","---"
"0","[43,45,47]","2016-10-10T10:35:11.568437","---"
"0","[44,46,48]","2016-10-10T10:35:12.687981","---"
"0","[45,47,49]","2016-10-10T10:35:13.798121","---"
"0","[46,48,50]","2016-10-10T10:35:14.908257","---"
"0","[47,49,51]","2016-10-10T10:35:16.018212","---"
"0","[48,50,52]","2016-10-10T10:35:17.128717","---"
"0","[49,51,53]","2016-10-10T10:35:18.238046","---"
"0","[50,52,54]","2016-10-10T10:35:19.348168","---"
"0","[51,53,55]","2016-10-10T10:35:20.458224","---"
"0","[52,54,56]","2016-10-10T10:35:21.568384","---"
"0","[53,55,57]","2016-10-10T10:35:22.677980","---"
"0","[54,56,58]","2016-10-10T10:35:23.798493","---"
"0","[55,57,59]","2016-10-10T10:35:24.908943","---"
"0","[56,58,60]","2016-10-10T10:35:26.018436","---"
"0","[57,59,61]","2016-10-10T10:35:27.128772","---"
"0","[58,60,62]","2016-10-10T10:35:28.243145","---"
"0","[59,61,63]","2016-10-10T10:35:29.349096","---"
"0","[60,62,64]","2016-10-10T10:35:30.457957","---"
"0","[61,63,65]","2016-10-10T10:35:31.568803","---"
"0","[62,64,66]","2016-10-10T10:35:32.678524","---"
"0","[63,65,67]","2016-10-10T10:35:33.788871","---"
"0","[64,66,68]","2016-10-10T10:35:34.909199","---"
"0","[65,67,69]","2016-10-10T10:35:36.019835","---"
"0","[66,68,70]","2016-10-10T10:35:37.130863","---"
"0","[67,69,71]","2016-10-10T10:35:38.238914","---"
"0","[68,70,72]","2016-10-10T10:35:39.349468","---"
"0","[69,71,73]","2016-10-10T10:35:40.459542","---"
"0","[70,72,74]","2016-10-10T10:35:41.569466","---"
"0","[71,73,75]","2016-10-10T10:35:42.678560","---"
"0","[72,74,76]","2016-10-10T10:35:43.788748","---"
"0","[73,75,77]","2016-10-10T10:35:44.898573","---"
"0","[74,76,78]","2016-10-10T10:35:46.018424","---"
"0","[75,77,79]","2016-10-10T10:35:47.128634","---"
"0","[76,78,80]","2016-10-10T10:35:48.238182","---"
"0","[77,79,81]","2016-10-10T10:35:49.348758","---"
"0","[78,80,82]","2016-10-10T10:35:50.458385","---"
"0","[79,81,83]","2016-10-10T10:35:51.568826","---"
"0","[80,82,84]","2016-10-10T10:35:52.678835","---"
"0","[81,83,85]","2016-10-10T10:35:53.789061","---"
"0","[82,84,86]","2016-10-10T10:35:54.898447","---"
"0","[83,85,87]","2016-10-10T10:35:56.008398","---"
"0","[84,86,88]","2016-10-10T10:35:57.128974","---"
"0","[85,87,89]","2016-10-10T10:35:58.238090","---"
"0","[86,88,90]","2016-10-10T10:35:59.348848","---"
"0","[87,89,91]","2016-10-10T10:36:00.458689","---"
"0","[88,90,92]","2016-10-10T10:36:01.568571","---"
"0","[89,91,93]","2016-10-10T10:36:02.678212","---"
"0","[90,92,94]","2016-10-10T10:36:03.788243","---"
"0","[91,93,95]","2016-10-10T10:36:04.898303","---"
"0","[92,94,96]","2016-10-10T10:36:06.008036","---"
"0","[93,95,97]","2016-10-10T10:36:07.118254","---"
"0","[94,96,98]","2016-10-10T10:36:08.238148","---"
"0","[95,97,99]","2016-10-10T10:36:09.348228","---"
"0","[96,98,100]","2016-10-10T10:36:10.458658","---"
"0","[97,99,101]","2016-10-10T10:36:11.568289","---"
"0","[98,100,102]","2016-10-10T10:36:12.678474","---"
"0","[99,101,103]","2016-10-10T10:36:13.788522","---"
"0","[100,102,104]","2016-10-10T10:36:14.899111","---"
"0","[101,103,105]","2016-10-10T10:36:16.008860","---"
"0","[102,104,106]","2016-10-10T10:36:17.123433","---"
"0","[103,105,107]","2016-10-10T10:36:18.236532","---"
"0","[104,106,108]","2016-10-10T10:36:19.348226","---"
"0","[105,107,109]","2016-10-10T10:36:20.452264","---"
"0","[106,108,110]","2016-10-10T10:36:21.559997","---"
"0","[107,109,111]","2016-10-10T10:36:22.668451","---"
"0","[108,110,112]","2016-10-10T10:36:23.790968","---"
"0","[109,111,113]","2016-10-10T10:36:24.897492","---"
"0","[110,112,114]","2016-10-10T10:36:26.005756","---"
"0","[111,113,115]","2016-10-10T10:36:27.113523","---"
"0","[112,114,116]","2016-10-10T10:36:28.220825","---"
"0","[113,115,117]","2016-10-10T10:36:29.328352","---"
"0","[114,116,118]","2016-10-10T10:36:30.450350","---"
"0","[115,117,119]","2016-10-10T10:36:31.559216","---"
"0","[116,118,120]","2016-10-10T10:36:32.682295","---"
"0","[117,119,121]","2016-10-10T10:36:33.778887","---"
"0","[118,120,122]","2016-10-10T10:36:34.888712","---"
"0","[119,121,123]","2016-10-10T10:36:35.998379","---"
"0","[120,122,124]","2016-10-10T10:36:37.108156","---"
"0","[121,123,125]","2016-10-10T10:36:38.218041","---"
"0","[122,124,126]","2016-10-10T10:36:39.328206","---"
"0","[123,125,127]","2016-10-10T10:36:40.438354","---"
"0","[124,126,128]","2016-10-10T10:36:41.558266","---"
"0","[125,127,129]","2016-10-10T10:36:42.668417","---"
"0","[126,128,130]","2016-10-10T10:36:43.778500","---"
"0","[127,129,131]","2016-10-10T10:36:44.888337","---"
"0","[128,130,132]","2016-10-10T10:36:45.998472","---"
"0","[129,131,133]","2016-10-10T10:36:47.108365","---"
"0","[130,132,134]","2016-10-10T10:36:48.218515","---"
"0","[131,133,135]","2016-10-10T10:36:49.328455","---"
"0","[132,134,136]","2016-10-10T10:36:50.438662","---"
"0","[133,135,137]","2016-10-10T10:36:51.548785","---"
"0","[134,136,138]","2016-10-10T10:36:52.674731","---"
"0","[135,137,139]","2016-10-10T10:36:53.778588","---"
"0","[136,138,140]","2016-10-10T10:36:54.902438","---"
"0","[137,139,141]","2016-10-10T10:36:56.009901","---"
"0","[138,140,142]","2016-10-10T10:36:57.117571","---"
"0","[139,141,143]","2016-10-10T10:36:58.224762","---"
"0","[140,142,144]","2016-10-10T10:36:59.329322","---"
"0","[141,143,145]","2016-10-10T10:37:00.439062","---"
"0","[142,144,146]","2016-10-10T10:37:01.548546","---"
"0","[143,145,147]","2016-10-10T10:37:02.658157","---"
"0","[144,146,148]","2016-10-10T10:37:03.778069","---"
"0","[145,147,149]","2016-10-10T10:37:04.888615","---"
"0","[146,148,150]","2016-10-10T10:37:05.998438","---"
"0","[147,149,151]","2016-10-10T10:37:07.108665","---"
"0","[148,150,152]","2016-10-10T10:37:08.218112","---"
"0","[149,151,153]","2016-10-10T10:37:09.328148","---"
"0","[150,152,154]","2016-10-10T10:37:10.438820","---"
"0","[151,153,155]","2016-10-10T10:37:11.548381","---"
"0","[152,154,156]","2016-10-10T10:37:12.658518","---"
"0","[153,155,157]","2016-10-10T10:37:13.768883","---"
"0","[154,156,158]","2016-10-10T10:37:14.888920","---"
"0","[155,157,159]","2016-10-10T10:37:15.998938","---"
"0","[156,158,160]","2016-10-10T10:37:17.108971","---"
"0","[157,159,161]","2016-10-10T10:37:18.218359","---"
"0","[158,160,162]","2016-10-10T10:37:19.328031","---"
"0","[159,161,163]","2016-10-10T10:37:20.439097","---"
"0","[160,162,164]","2016-10-10T10:37:21.549285","---"
"0","[161,163,165]","2016-10-10T10:37:22.658567","---"
"0","[162,164,166]","2016-10-10T10:37:23.769154","---"
"0","[163,165,167]","2016-10-10T10:37:24.878511","---"
"0","[164,166,168]","2016-10-10T10:37:25.999198","---"
"0","[165,167,169]","2016-10-10T10:37:27.109181","---"
"0","[166,168,170]","2016-10-10T10:37:28.218643","---"
"0","[167,169,171]","2016-10-10T10:37:29.329004","---"
"0","[168,170,172]","2016-10-10T10:37:30.451867","---"
"0","[169,171,173]","2016-10-10T10:37:31.559648","---"
"0","[170,172,174]","2016-10-10T10:37:32.666912","---"
"0","[171,173,175]","2016-10-10T10:37:33.774046","---"
"0","[172,174,176]","2016-10-10T10:37:34.882045","---"
"0","[173,175,177]","2016-10-10T10:37:35.989691","---"
"0","[174,176,178]","2016-10-10T10:37:37.113965","---"
"0","[175,177,179]","2016-10-10T10:37:38.220601","---"
"0","[176,178,180]","2016-10-10T10:37:39.328607","---"
"0","[177,179,181]","2016-10-10T10:37:40.438677","---"
"0","[178,180,182]","2016-10-10T10:37:41.549119","---"
"0","[179,181,183]","2016-10-10T10:37:42.658199","---"
"0","[180,182,184]","2016-10-10T10:37:43.768303","---"
"0","[181,183,185]","2016-10-10T10:37:44.878949","---"
"0","[182,184,186]","2016-10-10T10:37:45.988227","---"
"0","[183,185,187]","2016-10-10T10:37:47.098110","---"
"0","[184,186,188]","2016-10-10T10:37:48.218185","---"
"0","[185,187,189]","2016-10-10T10:37:49.328609","---"
"0","[186,188,190]","2016-10-10T10:37:50.438684","---"
"0","[187,189,191]","2016-10-10T10:37:51.548361","---"
"0","[188,190,192]","2016-10-10T10:37:52.658260","---"
"0","[189,191,193]","2016-10-10T10:37:53.768189","---"
"0","[190,192,194]","2016-10-10T10:37:54.878299","---"
"0","[191,193,195]","2016-10-10T10:37:55.988292","---"
"0","[192,194,196]","2016-10-10T10:37:57.098410","---"
"0","[193,195,197]","2016-10-10T10:37:58.208156","---"
"0","[194,196,198]","2016-10-10T10:37:59.328441","---"
"0","[195,197,199]","2016-10-10T10:38:00.438398","---"
"0","[196,198,200]","2016-10-10T10:38:01.548357","---"
"0","[197,199,201]","2016-10-10T10:38:02.658056","---"
"0","[198,200,202]","2016-10-10T10:38:03.768523","---"
"0","[199,201,203]","2016-10-10T10:38:04.878682","---"
"0","[200,202,204]","2016-10-10T10:38:05.987975","---"
"0","[201,203,205]","2016-10-10T10:38:07.098346","---"
"0","[202,204,206]","2016-10-10T10:38:08.208674","---"
"0","[203,205,207]","2016-10-10T10:38:09.318200","---"
"0","[204,206,208]","2016-10-10T10:38:10.438709","---"
"0","[205,207,209]","2016-10-10T10:38:11.548289","---"
"0","[206,208,210]","2016-10-10T10:38:12.658136","---"
"0","[207,209,211]","2016-10-10T10:38:13.768453","---"
"0","[208,210,212]","2016-10-10T10:38:14.878592","---"
"0","[209,211,213]","2016-10-10T10:38:15.988712","---"
"0","[210,212,214]","2016-10-10T10:38:17.098284","---"
"0","[211,213,215]","2016-10-10T10:38:18.208142","---"
"0","[212,214,216]","2016-10-10T10:38:19.318170","---"
"0","[213,215,217]","2016-10-10T10:38:20.428299","---"
"0","[214,216,218]","2016-10-10T10:38:21.548426","---"
"0","[215,217,219]","2016-10-10T10:38:22.658003","---"
"0","[216,218,220]","2016-10-10T10:38:23.768979","---"
"0","[217,219,221]","2016-10-10T10:38:24.878536","---"
"0","[218,220,222]","2016-10-10T10:38:25.988609","---"
"0","[219,221,223]","2016-10-10T10:38:27.099378","---"
"0","[220,222,224]","2016-10-10T10:38:28.208081","---"
"0","[221,223,225]","2016-10-10T10:38:29.318529","---"
"0","[222,224,226]","2016-10-10T10:38:30.428348","---"
"0","[223,225,227]","2016-10-10T10:38:31.538388","---"
"0","[224,226,228]","2016-10-10T10:38:32.658361","---"
"0","[225,227,229]","2016-10-10T10:38:33.768522","---"
"0","[226,228,230]","2016-10-10T10:38:34.881159","---"
"0","[227,229,231]","2016-10-10T10:38:35.993542","---"
"0","[228,230,232]","2016-10-10T10:38:37.099169","---"
"0","[229,231,233]","2016-10-10T10:38:38.209160","---"
"0","[230,232,234]","2016-10-10T10:38:39.319091","---"
"0","[231,233,235]","2016-10-10T10:38:40.428300","---"
"0","[232,234,236]","2016-10-10T10:38:41.538171","---"
"0","[233,235,237]","2016-10-10T10:38:42.648698","---"
"0","[234,236,238]","2016-10-10T10:38:43.768725","---"
"0","[235,237,239]","2016-10-10T10:38:44.878749","---"
"0","[236,238,240]","2016-10-10T10:38:45.988825","---"
"0","[237,239,241]","2016-10-10T10:38:47.099100","---"
"0","[238,240,242]","2016-10-10T10:38:48.208300","---"
"0","[239,241,243]","2016-10-10T10:38:49.317984","---"
"0","[240,242,244]","2016-10-10T10:38:50.428245","---"
"0","[241,243,245]","2016-10-10T10:38:51.538988","---"
"0","[242,244,246]","2016-10-10T10:38:52.648908","---"
"0","[243,245,247]","2016-10-10T10:38:53.758444","---"
"0","[244,246,248]","2016-10-10T10:38:54.878936","---"
"0","[245,247,249]","2016-10-10T10:38:55.989113","---"
"0","[246,248,250]","2016-10-10T10:38:57.098713","---"
"0","[247,249,251]","2016-10-10T10:38:58.208590","---"
"0","[248,250,252]","2016-10-10T10:38:59.318683","---"
"0","[249,251,253]","2016-10-10T10:39:00.429208","---"
"0","[250,252,254]","2016-10-10T10:39:01.538556","---"
"0","[251,253,255]","2016-10-10T10:39:02.648542","---"
"0","[252,254,256]","2016-10-10T10:39:03.758750","---"
"0","[253,255,257]","2016-10-10T10:39:04.868678","---"
"0","[254,256,258]","2016-10-10T10:39:05.989478","---"
"0","[255,257,259]","2016-10-10T10:39:07.098631","---"
"0","[256,258,260]","2016-10-10T10:39:08.208435","---"
"0","[257,259,261]","2016-10-10T10:39:09.317995","---"
"0","[258,260,262]","2016-10-10T10:39:10.428483","---"
"0","[259,261,263]","2016-10-10T10:39:11.538421","---"
"0","[260,262,264]","2016-10-10T10:39:12.648400","---"
"0","[261,263,265]","2016-10-10T10:39:13.758283","---"
"0","[262,264,266]","2016-10-10T10:39:14.868604","---"
"0","[263,265,267]","2016-10-10T10:39:15.978571","---"
"0","[264,266,268]","2016-10-10T10:39:17.098666","---"
"0","[265,267,269]","2016-10-10T10:39:18.208418","---"
"0","[266,268,270]","2016-10-10T10:39:19.318088","---"
"0","[267,269,271]","2016-10-10T10:39:20.428446","---"
"0","[268,270,272]","2016-10-10T10:39:21.543175","---"
"0","[269,271,273]","2016-10-10T10:39:22.634365","---"
"0","[270,272,274]","2016-10-10T10:39:23.743015","---"
"0","[271,273,275]","2016-10-10T10:39:24.850331","---"
"0","[272,274,276]","2016-10-10T10:39:25.972670","---"
"0","[273,275,277]","2016-10-10T10:39:27.080822","---"
"0","[274,276,278]","2016-10-10T10:39:28.190658","---"
"0","[275,277,279]","2016-10-10T10:39:29.311594","---"
"0","[276,278,280]","2016-10-10T10:39:30.419240","---"
"0","[277,279,281]","2016-10-10T10:39:31.526833","---"
"0","[278,280,282]","2016-10-10T10:39:32.634247","---"
"0","[279,281,283]","2016-10-10T10:39:33.738367","---"
"0","[280,282,284]","2016-10-10T10:39:34.850434","---"
"0","[281,283,285]","2016-10-10T10:39:35.960301","---"
"0","[282,284,286]","2016-10-10T10:39:37.070384","---"
"0","[283,285,287]","2016-10-10T10:39:38.179717","---"
"0","[284,286,288]","2016-10-10T10:39:39.299718","---"
"0","[285,287,289]","2016-10-10T10:39:40.413357","---"
"0","[286,288,290]","2016-10-10T10:39:41.520828","---"
"0","[287,289,291]","2016-10-10T10:39:42.628896","---"
"0","[288,290,292]","2016-10-10T10:39:43.738317","---"
"0","[289,291,293]","2016-10-10T10:39:44.848995","---"
"0","[290,292,294]","2016-10-10T10:39:45.958739","---"
"0","[291,293,295]","2016-10-10T10:39:47.068703","---"
"0","[292,294,296]","2016-10-10T10:39:48.178712","---"
"0","[293,295,297]","2016-10-10T10:39:49.288156","---"
"0","[294,296,298]","2016-10-10T10:39:50.408997","---"
"0","[295,297,299]","2016-10-10T10:39:51.518587","---"
"0","[296,298,300]","2016-10-10T10:39:52.628758","---"
"0","[297,299,301]","2016-10-10T10:39:53.738066","---"
"0","[298,300,302]","2016-10-10T10:39:54.848494","---"
"0","[299,301,303]","2016-10-10T10:39:55.960300","---"
"0","[300,302,304]","2016-10-10T10:39:57.068585","---"
"0","[301,303,305]","2016-10-10T10:39:58.178532","---"
"0","[302,304,306]","2016-10-10T10:39:59.288478","---"
"0","[303,305,307]","2016-10-10T10:40:00.398506","---"
"0","[304,306,308]","2016-10-10T10:40:01.518214","---"
"0","[305,307,309]","2016-10-10T10:40:02.628697","---"
"0","[306,308,310]","2016-10-10T10:40:03.738255","---"
"0","[307,309,311]","2016-10-10T10:40:04.848379","---"
"0","[308,310,312]","2016-10-10T10:40:05.958526","---"
"0","[309,311,313]","2016-10-10T10:40:07.068630","---"
"0","[310,312,314]","2016-10-10T10:40:08.178379","---"
"0","[311,313,315]","2016-10-10T10:40:09.287976","---"
"0","[312,314,316]","2016-10-10T10:40:10.398457","---"
"0","[313,315,317]","2016-10-10T10:40:11.508556","---"
"0","[314,316,318]","2016-10-10T10:40:12.628491","---"
"0","[315,317,319]","2016-10-10T10:40:13.738003","---"
"0","[316,318,320]","2016-10-10T10:40:14.848214","---"
"0","[317,319,321]","2016-10-10T10:40:15.958481","---"
"0","[318,320,322]","2016-10-10T10:40:17.068301","---"
"0","[319,321,323]","2016-10-10T10:40:18.178328","---"
"0","[320,322,324]","2016-10-10T10:40:19.287979","---"
"0","[321,323,325]","2016-10-10T10:40:20.398094","---"
"0","[322,324,326]","2016-10-10T10:40:21.508176","---"
"0","[323,325,327]","2016-10-10T10:40:22.617960","---"
"0","[324,326,328]","2016-10-10T10:40:23.738769","---"
"0","[325,327,329]","2016-10-10T10:40:24.847981","---"
"0","[326,328,330]","2016-10-10T10:40:25.958120","---"
"0","[327,329,331]","2016-10-10T10:40:27.068004","---"
"0","[328,330,332]","2016-10-10T10:40:28.178353","---"
"0","[329,331,333]","2016-10-10T10:40:29.287991","---"
"0","[330,332,334]","2016-10-10T10:40:30.398659","---"
"0","[331,333,335]","2016-10-10T10:40:31.508118","---"
"0","[332,334,336]","2016-10-10T10:40:32.618257","---"
"0","[333,335,337]","2016-10-10T10:40:33.728113","---"
"0","[334,336,338]","2016-10-10T10:40:34.848295","---"
"0","[335,337,339]","2016-10-10T10:40:35.958436","---"
"0","[336,338,340]","2016-10-10T10:40:37.068540","---"
"0","[337,339,341]","2016-10-10T10:40:38.178288","---"
"0","[338,340,342]","2016-10-10T10:40:39.288023","---"
"0","[339,341,343]","2016-10-10T10:40:40.398359","---"
"0","[340,342,344]","2016-10-10T10:40:41.518688","---"
"0","[341,343,345]","2016-10-10T10:40:42.625783","---"
"0","[342,344,346]","2016-10-10T10:40:43.728644","---"
"0","[343,345,347]","2016-10-10T10:40:44.841525","---"
"0","[344,346,348]","2016-10-10T10:40:45.966403","---"
"0","[345,347,349]","2016-10-10T10:40:47.071061","---"
"0","[346,348,350]","2016-10-10T10:40:48.179195","---"
"0","[347,349,351]","2016-10-10T10:40:49.297523","---"
"0","[348,350,352]","2016-10-10T10:40:50.412482","---"
"0","[349,351,353]","2016-10-10T10:40:51.517648","---"
"0","[350,352,354]","2016-10-10T10:40:52.625073","---"
"0","[351,353,355]","2016-10-10T10:40:53.732143","---"
"0","[352,354,356]","2016-10-10T10:40:54.837997","---"
"0","[353,355,357]","2016-10-10T10:40:55.950339","---"
"0","[354,356,358]","2016-10-10T10:40:57.068573","---"
"0","[355,357,359]","2016-10-10T10:40:58.180178","---"
"0","[356,358,360]","2016-10-10T10:40:59.288897","---"
"0","[357,359,361]","2016-10-10T10:41:00.399013","---"
"0","[358,360,362]","2016-10-10T10:41:01.508941","---"
"0","[359,361,363]","2016-10-10T10:41:02.618882","---"
"0","[360,362,364]","2016-10-10T10:41:03.728061","---"
"0","[361,363,365]","2016-10-10T10:41:04.839384","---"
"0","[362,364,366]","2016-10-10T10:41:05.948873","---"
"0","[363,365,367]","2016-10-10T10:41:07.058532","---"
"0","[364,366,368]","2016-10-10T10:41:08.178037","---"
"0","[365,367,369]","2016-10-10T10:41:09.288137","---"
"0","[366,368,370]","2016-10-10T10:41:10.398159","---"
"0","[367,369,371]","2016-10-10T10:41:11.508252","---"
"0","[368,370,372]","2016-10-10T10:41:12.618382","---"
"0","[369,371,373]","2016-10-10T10:41:13.727994","---"
"0","[370,372,374]","2016-10-10T10:41:14.838458","---"
"0","[371,373,375]","2016-10-10T10:41:15.948216","---"
"0","[372,374,376]","2016-10-10T10:41:17.058600","---"
"0","[373,375,377]","2016-10-10T10:41:18.168804","---"
"0","[374,376,378]","2016-10-10T10:41:19.288147","---"
"0","[375,377,379]","2016-10-10T10:41:20.398141","---"
"0","[390,392,394]","2016-10-10T10:41:37.058929","---"
"0","[391,393,395]","2016-10-10T10:41:38.169713","---"
"0","[392,394,396]","2016-10-10T10:41:39.278976","---"
"0","[393,395,397]","2016-10-10T10:41:40.388984","---"
"0","[394,396,398]","2016-10-10T10:41:41.509012","---"
"0","[395,397,399]","2016-10-10T10:41:42.618714","---"
"0","[396,398,400]","2016-10-10T10:41:43.728315","---"
"0","[397,399,401]","2016-10-10T10:41:44.840238","---"
"0","[398,400,402]","2016-10-10T10:41:45.948250","---"
"0","[399,401,403]","2016-10-10T10:41:47.058781","---"
"0","[400,402,404]","2016-10-10T10:41:48.167956","---"
"0","[401,403,405]","2016-10-10T10:41:49.278137","---"
"0","[402,404,406]","2016-10-10T10:41:50.388262","---"
"0","[403,405,407]","2016-10-10T10:41:51.498298","---"
"0","[404,406,408]","2016-10-10T10:41:52.618830","---"
"0","[405,407,409]","2016-10-10T10:41:53.728286","---"
"0","[406,408,410]","2016-10-10T10:41:54.838203","---"
"0","[407,409,411]","2016-10-10T10:41:55.948701","---"
"0","[408,410,412]","2016-10-10T10:41:57.058749","---"
"0","[409,411,413]","2016-10-10T10:41:58.168771","---"
"0","[410,412,414]","2016-10-10T10:41:59.278013","---"
"0","[411,413,415]","2016-10-10T10:42:00.388141","---"
"0","[412,414,416]","2016-10-10T10:42:01.498263","---"
"0","[413,415,417]","2016-10-10T10:42:02.608751","---"
"0","[414,416,418]","2016-10-10T10:42:03.728050","---"
"0","[415,417,419]","2016-10-10T10:42:04.838114","---"
"0","[416,418,420]","2016-10-10T10:42:05.948701","---"
"0","[417,419,421]","2016-10-10T10:42:07.058794","---"
"0","[418,420,422]","2016-10-10T10:42:08.168235","---"
"0","[419,421,423]","2016-10-10T10:42:09.278184","---"
"0","[420,422,424]","2016-10-10T10:42:10.388229","---"
"0","[421,423,425]","2016-10-10T10:42:11.498742","---"
"0","[422,424,426]","2016-10-10T10:42:12.608803","---"
"0","[423,425,427]","2016-10-10T10:42:13.718161","---"
"0","[424,426,428]","2016-10-10T10:42:14.838407","---"
"0","[425,427,429]","2016-10-10T10:42:15.957226","---"
"0","[426,428,430]","2016-10-10T10:42:17.061139","---"
"0","[427,429,431]","2016-10-10T10:42:18.169711","---"
"0","[428,430,432]","2016-10-10T10:42:19.279368","---"
"0","[429,431,433]","2016-10-10T10:42:20.389331","---"
"0","[430,432,434]","2016-10-10T10:42:21.498117","---"
"0","[431,433,435]","2016-10-10T10:42:22.608630","---"
"0","[432,434,436]","2016-10-10T10:42:23.718495","---"
"0","[433,435,437]","2016-10-10T10:42:24.828802","---"
"0","[434,436,438]","2016-10-10T10:42:25.948772","---"
"0","[435,437,439]","2016-10-10T10:42:27.058000","---"
"0","[436,438,440]","2016-10-10T10:42:28.168180","---"
"0","[437,439,441]","2016-10-10T10:42:29.278123","---"
"0","[438,440,442]","2016-10-10T10:42:30.388619","---"
"0","[439,441,443]","2016-10-10T10:42:31.498492","---"
"0","[440,442,444]","2016-10-10T10:42:32.608288","---"
"0","[441,443,445]","2016-10-10T10:42:33.718499","---"
"0","[442,444,446]","2016-10-10T10:42:34.828071","---"
"0","[443,445,447]","2016-10-10T10:42:35.938703","---"
"0","[444,446,448]","2016-10-10T10:42:37.058393","---"
"0","[445,447,449]","2016-10-10T10:42:38.168304","---"
"0","[446,448,450]","2016-10-10T10:42:39.278192","---"
"0","[447,449,451]","2016-10-10T10:42:40.388305","---"
"0","[448,450,452]","2016-10-10T10:42:41.498784","---"
"0","[449,451,453]","2016-10-10T10:42:42.607950","---"
"0","[450,452,454]","2016-10-10T10:42:43.718045","---"
"0","[451,453,455]","2016-10-10T10:42:44.840311","---"
"0","[452,454,456]","2016-10-10T10:42:45.940707","---"
"0","[453,455,457]","2016-10-10T10:42:47.055442","---"
"0","[454,456,458]","2016-10-10T10:42:48.172394","---"
"0","[455,457,459]","2016-10-10T10:42:49.278071","---"
"0","[456,458,460]","2016-10-10T10:42:50.393247","---"
"0","[457,459,461]","2016-10-10T10:42:51.500932","---"
"0","[458,460,462]","2016-10-10T10:42:52.608855","---"
"0","[459,461,463]","2016-10-10T10:42:53.718559","---"
"0","[460,462,464]","2016-10-10T10:42:54.830706","---"
"0","[461,463,465]","2016-10-10T10:42:55.938358","---"
"0","[462,464,466]","2016-10-10T10:42:57.048392","---"
"0","[463,465,467]","2016-10-10T10:42:58.159931","---"
"0","[464,466,468]","2016-10-10T10:42:59.279908","---"
"0","[465,467,469]","2016-10-10T10:43:00.388162","---"
"0","[466,468,470]","2016-10-10T10:43:01.498401","---"
"0","[467,469,471]","2016-10-10T10:43:02.608399","---"
"0","[468,470,472]","2016-10-10T10:43:03.719943","---"
"0","[469,471,473]","2016-10-10T10:43:04.831505","---"
"0","[470,472,474]","2016-10-10T10:43:05.939739","---"
"0","[471,473,475]","2016-10-10T10:43:07.062898","---"
"0","[472,474,476]","2016-10-10T10:43:08.161883","---"
"0","[473,475,477]","2016-10-10T10:43:09.268362","---"
"0","[474,476,478]","2016-10-10T10:43:10.400534","---"
"0","[475,477,479]","2016-10-10T10:43:11.508205","---"
"0","[476,478,480]","2016-10-10T10:43:12.616066","---"
"0","[477,479,481]","2016-10-10T10:43:13.723207","---"
"0","[478,480,482]","2016-10-10T10:43:14.831207","---"
"0","[479,481,483]","2016-10-10T10:43:15.938240","---"
"0","[480,482,484]","2016-10-10T10:43:17.063835","---"
"0","[481,483,485]","2016-10-10T10:43:18.160662","---"
"0","[482,484,486]","2016-10-10T10:43:19.270476","---"
"0","[483,485,487]","2016-10-10T10:43:20.380401","---"
"0","[484,486,488]","2016-10-10T10:43:21.498493","---"
"0","[485,487,489]","2016-10-10T10:43:22.610272","---"
"0","[486,488,490]","2016-10-10T10:43:23.719029","---"
"0","[487,489,491]","2016-10-10T10:43:24.828481","---"
"0","[488,490,492]","2016-10-10T10:43:25.938287","---"
"0","[489,491,493]","2016-10-10T10:43:27.048126","---"
"0","[490,492,494]","2016-10-10T10:43:28.158357","---"
"0","[491,493,495]","2016-10-10T10:43:29.268154","---"
"0","[492,494,496]","2016-10-10T10:43:30.378337","---"
"0","[493,495,497]","2016-10-10T10:43:31.488204","---"
"0","[494,496,498]","2016-10-10T10:43:32.608606","---"
"0","[495,497,499]","2016-10-10T10:43:33.719022","---"
"0","[496,498,500]","2016-10-10T10:43:34.828761","---"
"0","[497,499,501]","2016-10-10T10:43:35.938663","---"
"0","[498,500,502]","2016-10-10T10:43:37.048242","---"
"0","[499,501,503]","2016-10-10T10:43:38.158528","---"
"0","[500,502,504]","2016-10-10T10:43:39.268611","---"
"0","[501,503,505]","2016-10-10T10:43:40.378084","---"
"0","[502,504,506]","2016-10-10T10:43:41.488050","---"
"0","[503,505,507]","2016-10-10T10:43:42.598266","---"
"0","[504,506,508]","2016-10-10T10:43:43.718837","---"
"0","[505,507,509]","2016-10-10T10:43:44.828287","---"
"0","[506,508,510]","2016-10-10T10:43:45.938683","---"
"0","[507,509,511]","2016-10-10T10:43:47.052108","---"
"0","[508,510,512]","2016-10-10T10:43:48.158925","---"
"0","[509,511,513]","2016-10-10T10:43:49.269553","---"
"0","[510,512,514]","2016-10-10T10:43:50.390035","---"
"0","[511,513,515]","2016-10-10T10:43:51.498392","---"
"0","[512,514,516]","2016-10-10T10:43:52.605749","---"
"0","[513,515,517]","2016-10-10T10:43:53.712756","---"
"0","[514,516,518]","2016-10-10T10:43:54.835978","---"
"0","[515,517,519]","2016-10-10T10:43:55.944047","---"
"0","[516,518,520]","2016-10-10T10:43:57.051379","---"
"0","[517,519,521]","2016-10-10T10:43:58.160731","---"
"0","[518,520,522]","2016-10-10T10:43:59.281282","---"
"0","[519,521,523]","2016-10-10T10:44:00.387783","---"
"0","[520,522,524]","2016-10-10T10:44:01.496778","---"
"0","[521,523,525]","2016-10-10T10:44:02.598217","---"
"0","[522,524,526]","2016-10-10T10:44:03.712153","---"
"0","[523,525,527]","2016-10-10T10:44:04.820138","---"
"0","[524,526,528]","2016-10-10T10:44:05.940121","---"
"0","[525,527,529]","2016-10-10T10:44:07.050089","---"
"0","[526,528,530]","2016-10-10T10:44:08.158039","---"
"0","[527,529,531]","2016-10-10T10:44:09.268510","---"
"0","[528,530,532]","2016-10-10T10:44:10.378980","---"
"0","[529,531,533]","2016-10-10T10:44:11.488599","---"
"0","[530,532,534]","2016-10-10T10:44:12.598345","---"
"0","[531,533,535]","2016-10-10T10:44:13.708806","---"
"0","[532,534,536]","2016-10-10T10:44:14.818205","---"
"0","[533,535,537]","2016-10-10T10:44:15.928375","---"
"0","[534,536,538]","2016-10-10T10:44:17.048722","---"
"0","[535,537,539]","2016-10-10T10:44:18.158614","---"
"0","[536,538,540]","2016-10-10T10:44:19.268349","---"
"0","[537,539,541]","2016-10-10T10:44:20.377965","---"
"0","[538,540,542]","2016-10-10T10:44:21.488660","---"
"0","[539,541,543]","2016-10-10T10:44:22.598617","---"
"0","[540,542,544]","2016-10-10T10:44:23.709729","---"
"0","[541,543,545]","2016-10-10T10:44:24.818213","---"
"0","[542,544,546]","2016-10-10T10:44:25.928520","---"
"0","[543,545,547]","2016-10-10T10:44:27.038181","---"
"0","[544,546,548]","2016-10-10T10:44:28.158602","---"
"0","[545,547,549]","2016-10-10T10:44:29.268359","---"
"0","[546,548,550]","2016-10-10T10:44:30.378533","---"
"0","[547,549,551]","2016-10-10T10:44:31.488334","---"
"0","[548,550,552]","2016-10-10T10:44:32.598584","---"
"0","[549,551,553]","2016-10-10T10:44:33.708274","---"
"0","[550,552,554]","2016-10-10T10:44:34.817933","---"
"0","[551,553,555]","2016-10-10T10:44:35.928000","---"
"0","[552,554,556]","2016-10-10T10:44:37.038575","---"
"0","[553,555,557]","2016-10-10T10:44:38.148586","---"
"0","[554,556,558]","2016-10-10T10:44:39.269154","---"
"0","[555,557,559]","2016-10-10T10:44:40.378890","---"
"0","[556,558,560]","2016-10-10T10:44:41.488355","---"
"0","[557,559,561]","2016-10-10T10:44:42.612634","---"
"0","[558,560,562]","2016-10-10T10:44:43.718537","---"
"0","[559,561,563]","2016-10-10T10:44:44.820507","---"
"0","[560,562,564]","2016-10-10T10:44:45.928493","---"
"0","[561,563,565]","2016-10-10T10:44:47.038178","---"
"0","[562,564,566]","2016-10-10T10:44:48.150183","---"
"0","[563,565,567]","2016-10-10T10:44:49.260203","---"
"0","[564,566,568]","2016-10-10T10:44:50.378518","---"
"0","[565,567,569]","2016-10-10T10:44:51.488478","---"
"0","[566,568,570]","2016-10-10T10:44:52.598016","---"
"0","[567,569,571]","2016-10-10T10:44:53.710187","---"
"0","[568,570,572]","2016-10-10T10:44:54.818292","---"
"0","[569,571,573]","2016-10-10T10:44:55.928837","---"
"0","[570,572,574]","2016-10-10T10:44:57.038297","---"
"0","[571,573,575]","2016-10-10T10:44:58.148490","---"
"0","[572,574,576]","2016-10-10T10:44:59.258210","---"
"0","[573,575,577]","2016-10-10T10:45:00.368303","---"
"0","[574,576,578]","2016-10-10T10:45:01.488795","---"
"0","[575,577,579]","2016-10-10T10:45:02.598141","---"
"0","[576,578,580]","2016-10-10T10:45:03.708209","---"
"0","[577,579,581]","2016-10-10T10:45:04.818258","---"
"0","[578,580,582]","2016-10-10T10:45:05.928331","---"
"0","[579,581,583]","2016-10-10T10:45:07.038056","---"
"0","[580,582,584]","2016-10-10T10:45:08.148054","---"
"0","[581,583,585]","2016-10-10T10:45:09.258308","---"
"0","[582,584,586]","2016-10-10T10:45:10.368110","---"
"0","[583,585,587]","2016-10-10T10:45:11.487911","---"
"0","[584,586,588]","2016-10-10T10:45:12.611261","---"
"0","[585,587,589]","2016-10-10T10:45:13.719285","---"
"0","[586,588,590]","2016-10-10T10:45:14.826706","---"
"0","[587,589,591]","2016-10-10T10:45:15.935307","---"
"0","[588,590,592]","2016-10-10T10:45:17.041061","---"
"0","[589,591,593]","2016-10-10T10:45:18.148951","---"
"0","[590,592,594]","2016-10-10T10:45:19.271872","---"
"0","[591,593,595]","2016-10-10T10:45:20.379937","---"
"0","[592,594,596]","2016-10-10T10:45:21.487967","---"
"0","[593,595,597]","2016-10-10T10:45:22.589496","---"
"0","[594,596,598]","2016-10-10T10:45:23.717706","---"
"0","[595,597,599]","2016-10-10T10:45:24.825961","---"
"0","[596,598,600]","2016-10-10T10:45:25.933538","---"
"0","[597,599,601]","2016-10-10T10:45:27.043250","---"
"0","[598,600,602]","2016-10-10T10:45:28.148152","---"
"0","[599,601,603]","2016-10-10T10:45:29.259669","---"
"0","[600,602,604]","2016-10-10T10:45:30.370001","---"
"0","[601,603,605]","2016-10-10T10:45:31.478301","---"
"0","[602,604,606]","2016-10-10T10:45:32.590295","---"
"0","[603,605,607]","2016-10-10T10:45:33.700296","---"
"0","[604,606,608]","2016-10-10T10:45:34.819156","---"
"0","[605,607,609]","2016-10-10T10:45:35.928955","---"
"0","[606,608,610]","2016-10-10T10:45:37.038837","---"
"0","[607,609,611]","2016-10-10T10:45:38.148387","---"
"0","[608,610,612]","2016-10-10T10:45:39.258092","---"
"0","[609,611,613]","2016-10-10T10:45:40.368587","---"
"0","[610,612,614]","2016-10-10T10:45:41.478274","---"
"0","[611,613,615]","2016-10-10T10:45:42.588296","---"
"0","[612,614,616]","2016-10-10T10:45:43.698261","---"
"0","[613,615,617]","2016-10-10T10:45:44.808580","---"
"0","[614,616,618]","2016-10-10T10:45:45.928601","---"
"0","[615,617,619]","2016-10-10T10:45:47.038842","---"
"0","[616,618,620]","2016-10-10T10:45:48.148427","---"
"0","[617,619,621]","2016-10-10T10:45:49.258046","---"
"0","[618,620,622]","2016-10-10T10:45:50.368232","---"
"0","[619,621,623]","2016-10-10T10:45:51.491176","---"
"0","[620,622,624]","2016-10-10T10:45:52.588270","---"
"0","[621,623,625]","2016-10-10T10:45:53.705885","---"
"0","[622,624,626]","2016-10-10T10:45:54.814207","---"
"0","[623,625,627]","2016-10-10T10:45:55.921318","---"
"0","[624,626,628]","2016-10-10T10:45:57.040053","---"
"0","[625,627,629]","2016-10-10T10:45:58.148047","---"
"0","[626,628,630]","2016-10-10T10:45:59.259240","---"
"0","[627,629,631]","2016-10-10T10:46:00.368036","---"
"0","[628,630,632]","2016-10-10T10:46:01.478494","---"
"0","[629,631,633]","2016-10-10T10:46:02.588598","---"
"0","[630,632,634]","2016-10-10T10:46:03.698196","---"
"0","[631,633,635]","2016-10-10T10:46:04.808761","---"
"0","[632,634,636]","2016-10-10T10:46:05.918313","---"
"0","[633,635,637]","2016-10-10T10:46:07.028703","---"
"0","[634,636,638]","2016-10-10T10:46:08.148366","---"
"0","[635,637,639]","2016-10-10T10:46:09.258105","---"
"0","[636,638,640]","2016-10-10T10:46:10.368640","---"
"0","[637,639,641]","2016-10-10T10:46:11.478896","---"
"0","[638,640,642]","2016-10-10T10:46:12.588517","---"
"0","[639,641,643]","2016-10-10T10:46:13.698271","---"
"0","[640,642,644]","2016-10-10T10:46:14.808514","---"
"0","[641,643,645]","2016-10-10T10:46:15.918690","---"
"0","[642,644,646]","2016-10-10T10:46:17.028832","---"
"0","[643,645,647]","2016-10-10T10:46:18.138304","---"
"0","[644,646,648]","2016-10-10T10:46:19.258085","---"
"0","[645,647,649]","2016-10-10T10:46:20.368244","---"
"0","[646,648,650]","2016-10-10T10:46:21.478283","---"
"0","[647,649,651]","2016-10-10T10:46:22.601242","---"
"0","[648,650,652]","2016-10-10T10:46:23.709023","---"
"0","[649,651,653]","2016-10-10T10:46:24.809368","---"
"0","[650,652,654]","2016-10-10T10:46:25.918602","---"
"0","[651,653,655]","2016-10-10T10:46:27.028944","---"
"0","[652,654,656]","2016-10-10T10:46:28.138634","---"
"0","[653,655,657]","2016-10-10T10:46:29.248477","---"
"0","[654,656,658]","2016-10-10T10:46:30.368615","---"
"0","[655,657,659]","2016-10-10T10:46:31.478005","---"
"0","[656,658,660]","2016-10-10T10:46:32.588125","---"
"0","[657,659,661]","2016-10-10T10:46:33.698348","---"
"0","[658,660,662]","2016-10-10T10:46:34.808395","---"
"0","[659,661,663]","2016-10-10T10:46:35.918351","---"
"0","[660,662,664]","2016-10-10T10:46:37.028412","---"
"0","[661,663,665]","2016-10-10T10:46:38.138226","---"
"0","[662,664,666]","2016-10-10T10:46:39.248170","---"
"0","[663,665,667]","2016-10-10T10:46:40.358363","---"
"0","[664,666,668]","2016-10-10T10:46:41.478539","---"
"0","[665,667,669]","2016-10-10T10:46:42.588488","---"
"0","[666,668,670]","2016-10-10T10:46:43.698683","---"
"0","[667,669,671]","2016-10-10T10:46:44.808707","---"
"0","[668,670,672]","2016-10-10T10:46:45.918461","---"
"0","[669,671,673]","2016-10-10T10:46:47.029913","---"
"0","[670,672,674]","2016-10-10T10:46:48.143324","---"
"0","[671,673,675]","2016-10-10T10:46:49.256926","---"
"0","[672,674,676]","2016-10-10T10:46:50.358454","---"
"0","[673,675,677]","2016-10-10T10:46:51.470689","---"
"0","[674,676,678]","2016-10-10T10:46:52.588239","---"
"0","[675,677,679]","2016-10-10T10:46:53.700333","---"
"0","[676,678,680]","2016-10-10T10:46:54.810040","---"
"0","[677,679,681]","2016-10-10T10:46:55.920093","---"
"0","[678,680,682]","2016-10-10T10:46:57.028048","---"
"0","[679,681,683]","2016-10-10T10:46:58.140731","---"
"0","[680,682,684]","2016-10-10T10:46:59.249947","---"
"0","[681,683,685]","2016-10-10T10:47:00.362966","---"
"0","[682,684,686]","2016-10-10T10:47:01.469897","---"
"0","[683,685,687]","2016-10-10T10:47:02.579248","---"
"0","[684,686,688]","2016-10-10T10:47:03.701242","---"
"0","[685,687,689]","2016-10-10T10:47:04.809362","---"
"0","[686,688,690]","2016-10-10T10:47:05.919268","---"
"0","[687,689,691]","2016-10-10T10:47:07.039578","---"
"0","[688,690,692]","2016-10-10T10:47:08.148220","---"
"0","[689,691,693]","2016-10-10T10:47:09.253936","---"
"0","[690,692,694]","2016-10-10T10:47:10.361867","---"
"0","[691,693,695]","2016-10-10T10:47:11.469870","---"
"0","[692,694,696]","2016-10-10T10:47:12.593018","---"
"0","[693,695,697]","2016-10-10T10:47:13.700699","---"
"0","[694,696,698]","2016-10-10T10:47:14.808280","---"
"0","[695,697,699]","2016-10-10T10:47:15.931962","---"
"0","[696,698,700]","2016-10-10T10:47:17.029873","---"
"0","[697,699,701]","2016-10-10T10:47:18.145747","---"
"0","[698,700,702]","2016-10-10T10:47:19.253415","---"
"0","[699,701,703]","2016-10-10T10:47:20.361249","---"
"0","[700,702,704]","2016-10-10T10:47:21.468711","---"
"0","[701,703,705]","2016-10-10T10:47:22.585077","---"
"0","[702,704,706]","2016-10-10T10:47:23.690192","---"
"0","[703,705,707]","2016-10-10T10:47:24.800173","---"
"0","[704,706,708]","2016-10-10T10:47:25.919504","---"
"0","[705,707,709]","2016-10-10T10:47:27.029395","---"
"0","[706,708,710]","2016-10-10T10:47:28.138375","---"
"0","[707,709,711]","2016-10-10T10:47:29.248049","---"
"0","[708,710,712]","2016-10-10T10:47:30.358077","---"
"0","[709,711,713]","2016-10-10T10:47:31.467953","---"
"0","[710,712,714]","2016-10-10T10:47:32.578402","---"
"0","[711,713,715]","2016-10-10T10:47:33.688471","---"
"0","[712,714,716]","2016-10-10T10:47:34.798397","---"
"0","[713,715,717]","2016-10-10T10:47:35.908624","---"
"0","[714,716,718]","2016-10-10T10:47:37.028817","---"
"0","[715,717,719]","2016-10-10T10:47:38.138791","---"
"0","[716,718,720]","2016-10-10T10:47:39.247969","---"
"0","[717,719,721]","2016-10-10T10:47:40.358566","---"
"0","[718,720,722]","2016-10-10T10:47:41.468720","---"
"0","[719,721,723]","2016-10-10T10:47:42.578758","---"
"0","[720,722,724]","2016-10-10T10:47:43.688552","---"
"0","[721,723,725]","2016-10-10T10:47:44.798005","---"
"0","[722,724,726]","2016-10-10T10:47:45.908058","---"
"0","[723,725,727]","2016-10-10T10:47:47.020888","---"
"0","[724,726,728]","2016-10-10T10:47:48.138743","---"
"0","[725,727,729]","2016-10-10T10:47:49.248446","---"
"0","[726,728,730]","2016-10-10T10:47:50.358987","---"
"0","[727,729,731]","2016-10-10T10:47:51.468149","---"
"0","[728,730,732]","2016-10-10T10:47:52.578473","---"
"0","[729,731,733]","2016-10-10T10:47:53.688434","---"
"0","[730,732,734]","2016-10-10T10:47:54.798091","---"
"0","[731,733,735]","2016-10-10T10:47:55.908485","---"
"0","[732,734,736]","2016-10-10T10:47:57.018632","---"
"0","[733,735,737]","2016-10-10T10:47:58.128834","---"
"0","[734,736,738]","2016-10-10T10:47:59.248454","---"
"0","[735,737,739]","2016-10-10T10:48:00.364245","---"
"0","[736,738,740]","2016-10-10T10:48:01.471740","---"
"0","[737,739,741]","2016-10-10T10:48:02.579624","---"
"0","[738,740,742]","2016-10-10T10:48:03.688583","---"
"0","[739,741,743]","2016-10-10T10:48:04.810578","---"
"0","[740,742,744]","2016-10-10T10:48:05.908777","---"
"0","[741,743,745]","2016-10-10T10:48:07.020539","---"
"0","[742,744,746]","2016-10-10T10:48:08.128580","---"
"0","[743,745,747]","2016-10-10T10:48:09.238677","---"
"0","[744,746,748]","2016-10-10T10:48:10.357997","---"
"0","[745,747,749]","2016-10-10T10:48:11.469085","---"
"0","[746,748,750]","2016-10-10T10:48:12.578561","---"
"0","[747,749,751]","2016-10-10T10:48:13.689802","---"
"0","[748,750,752]","2016-10-10T10:48:14.798837","---"
"0","[749,751,753]","2016-10-10T10:48:15.908326","---"
"0","[750,752,754]","2016-10-10T10:48:17.018233","---"
"0","[751,753,755]","2016-10-10T10:48:18.128587","---"
"0","[752,754,756]","2016-10-10T10:48:19.238292","---"
"0","[753,755,757]","2016-10-10T10:48:20.348089","---"
"0","[754,756,758]","2016-10-10T10:48:21.468503","---"
"0","[755,757,759]","2016-10-10T10:48:22.578728","---"
"0","[756,758,760]","2016-10-10T10:48:23.688190","---"
"0","[757,759,761]","2016-10-10T10:48:24.798884","---"
"0","[758,760,762]","2016-10-10T10:48:25.908400","---"
"0","[759,761,763]","2016-10-10T10:48:27.018125","---"
"0","[760,762,764]","2016-10-10T10:48:28.128138","---"
"0","[761,763,765]","2016-10-10T10:48:29.238270","---"
"0","[762,764,766]","2016-10-10T10:48:30.348587","---"
"0","[763,765,767]","2016-10-10T10:48:31.458059","---"
"0","[764,766,768]","2016-10-10T10:48:32.578553","---"
"0","[765,767,769]","2016-10-10T10:48:33.688775","---"
"0","[766,768,770]","2016-10-10T10:48:34.798926","---"
"0","[767,769,771]","2016-10-10T10:48:35.908118","---"
"0","[768,770,772]","2016-10-10T10:48:37.022817","---"
"0","[769,771,773]","2016-10-10T10:48:38.130954","---"
"0","[770,772,774]","2016-10-10T10:48:39.240334","---"
"0","[771,773,775]","2016-10-10T10:48:40.348201","---"
"0","[772,774,776]","2016-10-10T10:48:41.463970","---"
"0","[773,775,777]","2016-10-10T10:48:42.568500","---"
"0","[774,776,778]","2016-10-10T10:48:43.688535","---"
"0","[775,777,779]","2016-10-10T10:48:44.798432","---"
"0","[776,778,780]","2016-10-10T10:48:45.908446","---"
"0","[777,779,781]","2016-10-10T10:48:47.018247","---"
"0","[778,780,782]","2016-10-10T10:48:48.128492","---"
"0","[779,781,783]","2016-10-10T10:48:49.238094","---"
"0","[780,782,784]","2016-10-10T10:48:50.348315","---"
"0","[781,783,785]","2016-10-10T10:48:51.458832","---"
"0","[782,784,786]","2016-10-10T10:48:52.568804","---"
"0","[783,785,787]","2016-10-10T10:48:53.678020","---"
"0","[784,786,788]","2016-10-10T10:48:54.798645","---"
"0","[785,787,789]","2016-10-10T10:48:55.907958","---"
"0","[786,788,790]","2016-10-10T10:48:57.018700","---"
"0","[787,789,791]","2016-10-10T10:48:58.128305","---"
"0","[788,790,792]","2016-10-10T10:48:59.238072","---"
"0","[789,791,793]","2016-10-10T10:49:00.348188","---"
"0","[790,792,794]","2016-10-10T10:49:01.458773","---"
"0","[791,793,795]","2016-10-10T10:49:02.568416","---"
"0","[792,794,796]","2016-10-10T10:49:03.678228","---"
"0","[793,795,797]","2016-10-10T10:49:04.788142","---"
"0","[794,796,798]","2016-10-10T10:49:05.908262","---"
"0","[795,797,799]","2016-10-10T10:49:07.018364","---"
"0","[796,798,800]","2016-10-10T10:49:08.127946","---"
"0","[797,799,801]","2016-10-10T10:49:09.237949","---"
"0","[798,800,802]","2016-10-10T10:49:10.348264","---"
"0","[799,801,803]","2016-10-10T10:49:11.458268","---"
"0","[800,802,804]","2016-10-10T10:49:12.568424","---"
"0","[801,803,805]","2016-10-10T10:49:13.678322","---"
"0","[802,804,806]","2016-10-10T10:49:14.788506","---"
"0","[803,805,807]","2016-10-10T10:49:15.898075","---"
"0","[804,806,808]","2016-10-10T10:49:17.018703","---"
"0","[805,807,809]","2016-10-10T10:49:18.128241","---"
"0","[806,808,810]","2016-10-10T10:49:19.237956","---"
"0","[807,809,811]","2016-10-10T10:49:20.348134","---"
"0","[808,810,812]","2016-10-10T10:49:21.458624","---"
"0","[809,811,813]","2016-10-10T10:49:22.568822","---"
"0","[810,812,814]","2016-10-10T10:49:23.677951","---"
"0","[811,813,815]","2016-10-10T10:49:24.788084","---"
"0","[812,814,816]","2016-10-10T10:49:25.898721","---"
"0","[813,815,817]","2016-10-10T10:49:27.008312","---"
"0","[814,816,818]","2016-10-10T10:49:28.128041","---"
"0","[815,817,819]","2016-10-10T10:49:29.240959","---"
"0","[816,818,820]","2016-10-10T10:49:30.349828","---"
"0","[817,819,821]","2016-10-10T10:49:31.458374","---"
"0","[818,820,822]","2016-10-10T10:49:32.570969","---"
"0","[819,821,823]","2016-10-10T10:49:33.678440","---"
"0","[820,822,824]","2016-10-10T10:49:34.790106","---"
"0","[821,823,825]","2016-10-10T10:49:35.900166","---"
"0","[822,824,826]","2016-10-10T10:49:37.008734","---"
"0","[823,825,827]","2016-10-10T10:49:38.120322","---"
"0","[824,826,828]","2016-10-10T10:49:39.240110","---"
"0","[825,827,829]","2016-10-10T10:49:40.348635","---"
"0","[826,828,830]","2016-10-10T10:49:41.458424","---"
"0","[827,829,831]","2016-10-10T10:49:42.568194","---"
"0","[828,830,832]","2016-10-10T10:49:43.678234","---"
"0","[829,831,833]","2016-10-10T10:49:44.788397","---"
"0","[830,832,834]","2016-10-10T10:49:45.898082","---"
"0","[831,833,835]","2016-10-10T10:49:47.008096","---"
"0","[832,834,836]","2016-10-10T10:49:48.118716","---"
"0","[833,835,837]","2016-10-10T10:49:49.228270","---"
"0","[834,836,838]","2016-10-10T10:49:50.348484","---"
"0","[835,837,839]","2016-10-10T10:49:51.458682","---"
"0","[836,838,840]","2016-10-10T10:49:52.568139","---"
"0","[837,839,841]","2016-10-10T10:49:53.678358","---"
"0","[838,840,842]","2016-10-10T10:49:54.788358","---"
"0","[839,841,843]","2016-10-10T10:49:55.898305","---"
"0","[840,842,844]","2016-10-10T10:49:57.015546","---"
"0","[841,843,845]","2016-10-10T10:49:58.123872","---"
"0","[842,844,846]","2016-10-10T10:49:59.229212","---"
"0","[843,845,847]","2016-10-10T10:50:00.339895","---"
"0","[844,846,848]","2016-10-10T10:50:01.458497","---"
"0","[845,847,849]","2016-10-10T10:50:02.570084","---"
"0","[846,848,850]","2016-10-10T10:50:03.678228","---"
"0","[847,849,851]","2016-10-10T10:50:04.790043","---"
"0","[848,850,852]","2016-10-10T10:50:05.898340","---"
"0","[849,851,853]","2016-10-10T10:50:07.010367","---"
"0","[850,852,854]","2016-10-10T10:50:08.119242","---"
"0","[851,853,855]","2016-10-10T10:50:09.229924","---"
"0","[852,854,856]","2016-10-10T10:50:10.339074","---"
"0","[853,855,857]","2016-10-10T10:50:11.449046","---"
"0","[854,856,858]","2016-10-10T10:50:12.568663","---"
"0","[855,857,859]","2016-10-10T10:50:13.678723","---"
"0","[856,858,860]","2016-10-10T10:50:14.788676","---"
"0","[857,859,861]","2016-10-10T10:50:15.898634","---"
"0","[858,860,862]","2016-10-10T10:50:17.008585","---"
"0","[859,861,863]","2016-10-10T10:50:18.118091","---"
"0","[860,862,864]","2016-10-10T10:50:19.228218","---"
"0","[861,863,865]","2016-10-10T10:50:20.338373","---"
"0","[862,864,866]","2016-10-10T10:50:21.448006","---"
"0","[863,865,867]","2016-10-10T10:50:22.558087","---"
"0","[864,866,868]","2016-10-10T10:50:23.678186","---"
"0","[865,867,869]","2016-10-10T10:50:24.788394","---"
"0","[866,868,870]","2016-10-10T10:50:25.899020","---"
"0","[867,869,871]","2016-10-10T10:50:27.008030","---"
"0","[868,870,872]","2016-10-10T10:50:28.118159","---"
"0","[869,871,873]","2016-10-10T10:50:29.228237","---"
"0","[870,872,874]","2016-10-10T10:50:30.338380","---"
"0","[871,873,875]","2016-10-10T10:50:31.447956","---"
"0","[872,874,876]","2016-10-10T10:50:32.558090","---"
"0","[873,875,877]","2016-10-10T10:50:33.668242","---"
"0","[874,876,878]","2016-10-10T10:50:34.788329","---"
"0","[875,877,879]","2016-10-10T10:50:35.898607","---"
"0","[876,878,880]","2016-10-10T10:50:37.017529","---"
"0","[877,879,881]","2016-10-10T10:50:38.124807","---"
"0","[878,880,882]","2016-10-10T10:50:39.228821","---"
"0","[879,881,883]","2016-10-10T10:50:40.339158","---"
"0","[880,882,884]","2016-10-10T10:50:41.448518","---"
"0","[881,883,885]","2016-10-10T10:50:42.558210","---"
"0","[882,884,886]","2016-10-10T10:50:43.668205","---"
"0","[883,885,887]","2016-10-10T10:50:44.778257","---"
"0","[884,886,888]","2016-10-10T10:50:45.898727","---"
"0","[885,887,889]","2016-10-10T10:50:47.008466","---"
"0","[886,888,890]","2016-10-10T10:50:48.118386","---"
"0","[887,889,891]","2016-10-10T10:50:49.228132","---"
"0","[888,890,892]","2016-10-10T10:50:50.338714","---"
"0","[889,891,893]","2016-10-10T10:50:51.448748","---"
"0","[890,892,894]","2016-10-10T10:50:52.557983","---"
"0","[891,893,895]","2016-10-10T10:50:53.668451","---"
"0","[892,894,896]","2016-10-10T10:50:54.778271","---"
"0","[893,895,897]","2016-10-10T10:50:55.888341","---"
"0","[894,896,898]","2016-10-10T10:50:57.012630","---"
"0","[895,897,899]","2016-10-10T10:50:58.120340","---"
"0","[896,898,900]","2016-10-10T10:50:59.228758","---"
"0","[897,899,901]","2016-10-10T10:51:00.350167","---"
"0","[898,900,902]","2016-10-10T10:51:01.458128","---"
"0","[899,901,903]","2016-10-10T10:51:02.566526","---"
"0","[900,902,904]","2016-10-10T10:51:03.673702","---"
"0","[901,903,905]","2016-10-10T10:51:04.781289","---"
"0","[902,904,906]","2016-10-10T10:51:05.888888","---"
"0","[903,905,907]","2016-10-10T10:51:07.011111","---"
"0","[904,906,908]","2016-10-10T10:51:08.119695","---"
"0","[905,907,909]","2016-10-10T10:51:09.229000","---"
"0","[906,908,910]","2016-10-10T10:51:10.345485","---"
"0","[907,909,911]","2016-10-10T10:51:11.457659","---"
"0","[908,910,912]","2016-10-10T10:51:12.562444","---"
"0","[909,911,913]","2016-10-10T10:51:13.668915","---"
"0","[910,912,914]","2016-10-10T10:51:14.780531","---"
"0","[911,913,915]","2016-10-10T10:51:15.888326","---"
"0","[912,914,916]","2016-10-10T10:51:17.001993","---"
"0","[913,915,917]","2016-10-10T10:51:18.108805","---"
"0","[914,916,918]","2016-10-10T10:51:19.228157","---"
"0","[915,917,919]","2016-10-10T10:51:20.337952","---"
"0","[916,918,920]","2016-10-10T10:51:21.448146","---"
"0","[917,919,921]","2016-10-10T10:51:22.558064","---"
"0","[918,920,922]","2016-10-10T10:51:23.668033","---"
"0","[919,921,923]","2016-10-10T10:51:24.778180","---"
"0","[920,922,924]","2016-10-10T10:51:25.888268","---"
"0","[921,923,925]","2016-10-10T10:51:26.998397","---"
"0","[922,924,926]","2016-10-10T10:51:28.107997","---"
"0","[923,925,927]","2016-10-10T10:51:29.218103","---"
"0","[924,926,928]","2016-10-10T10:51:30.337983","---"
"0","[925,927,929]","2016-10-10T10:51:31.448301","---"
"0","[926,928,930]","2016-10-10T10:51:32.558531","---"
"0","[927,929,931]","2016-10-10T10:51:33.668069","---"
"0","[928,930,932]","2016-10-10T10:51:34.778204","---"
"0","[929,931,933]","2016-10-10T10:51:35.888648","---"
"0","[930,932,934]","2016-10-10T10:51:36.998351","---"
"0","[931,933,935]","2016-10-10T10:51:38.108342","---"
"0","[932,934,936]","2016-10-10T10:51:39.218057","---"
"0","[933,935,937]","2016-10-10T10:51:40.328233","---"
"0","[934,936,938]","2016-10-10T10:51:41.450477","---"
"0","[935,937,939]","2016-10-10T10:51:42.559224","---"
"0","[936,938,940]","2016-10-10T10:51:43.681935","---"
"0","[937,939,941]","2016-10-10T10:51:44.779650","---"
"0","[938,940,942]","2016-10-10T10:51:45.890184","---"
"0","[939,941,943]","2016-10-10T10:51:47.000065","---"
"0","[940,942,944]","2016-10-10T10:51:48.108084","---"
"0","[941,943,945]","2016-10-10T10:51:49.218043","---"
"0","[942,944,946]","2016-10-10T10:51:50.328069","---"
"0","[943,945,947]","2016-10-10T10:51:51.438053","---"
"0","[944,946,948]","2016-10-10T10:51:52.558780","---"
"0","[945,947,949]","2016-10-10T10:51:53.668045","---"
"0","[946,948,950]","2016-10-10T10:51:54.778247","---"
"0","[947,949,951]","2016-10-10T10:51:55.888827","---"
"0","[948,950,952]","2016-10-10T10:51:56.998311","---"
"0","[949,951,953]","2016-10-10T10:51:58.112258","---"
"0","[950,952,954]","2016-10-10T10:51:59.218637","---"
"0","[951,953,955]","2016-10-10T10:52:00.328217","---"
"0","[952,954,956]","2016-10-10T10:52:01.438879","---"
"0","[953,955,957]","2016-10-10T10:52:02.547996","---"
"0","[954,956,958]","2016-10-10T10:52:03.668161","---"
"0","[955,957,959]","2016-10-10T10:52:04.778210","---"
"0","[956,958,960]","2016-10-10T10:52:05.888783","---"
"0","[957,959,961]","2016-10-10T10:52:06.998279","---"
"0","[958,960,962]","2016-10-10T10:52:08.108209","---"
"0","[959,961,963]","2016-10-10T10:52:09.218205","---"
"0","[960,962,964]","2016-10-10T10:52:10.328253","---"
"0","[961,963,965]","2016-10-10T10:52:11.438358","---"
"0","[962,964,966]","2016-10-10T10:52:12.548251","---"
"0","[963,965,967]","2016-10-10T10:52:13.658083","---"
"0","[964,966,968]","2016-10-10T10:52:14.778638","---"
"0","[965,967,969]","2016-10-10T10:52:15.888309","---"
"0","[966,968,970]","2016-10-10T10:52:16.998738","---"
"0","[967,969,971]","2016-10-10T10:52:18.108006","---"
"0","[968,970,972]","2016-10-10T10:52:19.218084","---"
"0","[969,971,973]","2016-10-10T10:52:20.328180","---"
"0","[970,972,974]","2016-10-10T10:52:21.438448","---"
"0","[971,973,975]","2016-10-10T10:52:22.548434","---"
"0","[972,974,976]","2016-10-10T10:52:23.658605","---"
"0","[973,975,977]","2016-10-10T10:52:24.768156","---"
"0","[974,976,978]","2016-10-10T10:52:25.889138","---"
"0","[975,977,979]","2016-10-10T10:52:26.998056","---"
"0","[976,978,980]","2016-10-10T10:52:28.108056","---"
"0","[977,979,981]","2016-10-10T10:52:29.218068","---"
"0","[978,980,982]","2016-10-10T10:52:30.327985","---"
"0","[979,981,983]","2016-10-10T10:52:31.438130","---"
"0","[980,982,984]","2016-10-10T10:52:32.548744","---"
"0","[981,983,985]","2016-10-10T10:52:33.658297","---"
"0","[982,984,986]","2016-10-10T10:52:34.768626","---"
"0","[983,985,987]","2016-10-10T10:52:35.878684","---"
"0","[984,986,988]","2016-10-10T10:52:36.998131","---"
"0","[985,987,989]","2016-10-10T10:52:38.113538","---"
"0","[986,988,990]","2016-10-10T10:52:39.218924","---"
"0","[987,989,991]","2016-10-10T10:52:40.328863","---"
"0","[988,990,992]","2016-10-10T10:52:41.437984","---"
"0","[989,991,993]","2016-10-10T10:52:42.548523","---"
"0","[990,992,994]","2016-10-10T10:52:43.658163","---"
"0","[991,993,995]","2016-10-10T10:52:44.768368","---"
"0","[992,994,996]","2016-10-10T10:52:45.878012","---"
"0","[993,995,997]","2016-10-10T10:52:46.988486","---"
"0","[994,996,998]","2016-10-10T10:52:48.108633","---"
"0","[995,997,999]","2016-10-10T10:52:49.218310","---"
"0","[996,998,1000]","2016-10-10T10:52:50.329230","---"
"0","[997,999,1001]","2016-10-10T10:52:51.438100","---"
"0","[998,1000,1002]","2016-10-10T10:52:52.548558","---"
"0","[999,1001,1003]","2016-10-10T10:52:53.658330","---"
"0","[1000,1002,1004]","2016-10-10T10:52:54.768357","---"
"0","[1001,1003,1005]","2016-10-10T10:52:55.878274","---"
"0","[1002,1004,1006]","2016-10-10T10:52:56.988577","---"
"0","[1003,1005,1007]","2016-10-10T10:52:58.098187","---"
"0","[1004,1006,1008]","2016-10-10T10:52:59.218261","---"
"0","[1005,1007,1009]","2016-10-10T10:53:00.339370","---"
"0","[1006,1008,1010]","2016-10-10T10:53:01.447419","---"
"0","[1007,1009,1011]","2016-10-10T10:53:02.548399","---"
"0","[1008,1010,1012]","2016-10-10T10:53:03.660029","---"
"0","[1009,1011,1013]","2016-10-10T10:53:04.768768","---"
"0","[1010,1012,1014]","2016-10-10T10:53:05.878784","---"
"0","[1011,1013,1015]","2016-10-10T10:53:06.988139","---"
